item_name,price_raw,currency,status,raw_text,channel,message_id,ai_valuation,ai_reasoning,scraped_at
**#STRK**** long Signal has achieved our 2nd Target.✅✅**,N/A,Unknown,Available,"**#STRK**** long Signal has achieved our 2nd Target.✅✅**

120x profit in 20x Leverage from average entry and 60% profit in 10x Leverage.

**Another Big and Good One for Whales crypto 🐋  family**",Whales Crypto Guide,19177,N/A,No price found.,2026-02-16T14:02:15.143139
**#STRK**** long Signal has achieved our 1st Target.✅**,N/A,Unknown,Available,"**#STRK**** long Signal has achieved our 1st Target.✅**

60x profit in 20x Leverage from average entry and 30% profit in 10x Leverage.

**Another Big and Good One for Whales crypto 🐋  family**",Whales Crypto Guide,19176,N/A,No price found.,2026-02-16T14:02:15.170542
The Coinbase Premium Index is experiencing a significant upward trend.,N/A,Unknown,Available,"The Coinbase Premium Index is experiencing a significant upward trend.

This typically indicates a strong demand for spot Bitcoin within the U.S. market.",Whales Crypto Guide,19175,N/A,No price found.,2026-02-16T14:02:15.174174
**Longing ****#ETHFI**** Here**,$0.4820,USD,Available,"**Longing ****#ETHFI**** Here**

Long (5x - 10x)

Entry: $0.4820 - $0.4600

Reason: Chart looks bullish for it. Worth buying for short term quick profits too. Already broke out of the triangle pattern and resistance zone also.

Targets: $0.4950, $0.5050, $0.5150, $0.5250, $0.5430, $0.5600

Stoploss: $0.4500",Whales Crypto Guide,19174,ERROR,"AI Call Failed: Error code: 400 - {'error': {'message': 'The model `mixtral-8x7b-32768` has been decommissioned and is no longer supported. Please refer to https://console.groq.com/docs/deprecations for a recommendation on which model to use instead.', 'type': 'invalid_request_error', 'code': 'model_decommissioned'}}",2026-02-16T14:02:16.992950
Longing **#STRK**** Here**,$0.04957,USD,Available,"Longing **#STRK**** Here**

Long (10x- 20x)

Entry: $0.04957 

Reason: Chart looks Bullish for it. Worth buying for short term quick profits too.

Targets: $0.05106, $0.05256, $0.05404, $0.05552, $0.05701, $0.05948

Stoploss: $0.04610",Whales Crypto Guide,19173,ERROR,"AI Call Failed: Error code: 400 - {'error': {'message': 'The model `mixtral-8x7b-32768` has been decommissioned and is no longer supported. Please refer to https://console.groq.com/docs/deprecations for a recommendation on which model to use instead.', 'type': 'invalid_request_error', 'code': 'model_decommissioned'}}",2026-02-16T14:02:17.840560
"Ethereum’s staking ratio surpasses 30%, setting a new all-time high, per Token Terminal.",N/A,Unknown,Available,"Ethereum’s staking ratio surpasses 30%, setting a new all-time high, per Token Terminal.",Whales Crypto Guide,19172,N/A,No price found.,2026-02-16T14:02:17.842990
**#ZEN**** Short Signal has achieved our 1st Target.✅**,N/A,Unknown,Available,"**#ZEN**** Short Signal has achieved our 1st Target.✅**

30% profit in 10x Leverage from average entry and 15% profit in 5x Leverage.

**Another Big and Good One for Whales crypto 🐋  family**",Whales Crypto Guide,19171,N/A,No price found.,2026-02-16T14:02:17.877284
"🇺🇸 White House gathering with crypto industry and banks was “productive,” but no compromise was reac",N/A,Unknown,Available,"🇺🇸 White House gathering with crypto industry and banks was “productive,” but no compromise was reached, reports Eleanor Terrett",Whales Crypto Guide,19170,N/A,No price found.,2026-02-16T14:02:17.884195
**Shorting ****#DRIFT**** here**,$0.0778,USD,Available,"**Shorting ****#DRIFT**** here**

Short (5x-10x)

Entry: $0.0778 - $0.0800

Reason: Chart looks bearish for it. Worth a short for short-mid term quick profits too. It already broke down the support, looking bearish.

Targets: $0.0755, $0.0740, $0.0720, $0.0700, $0.0680, $0.0650, $0.0600

Stop-loss: $0.0820",Whales Crypto Guide,19169,ERROR,"AI Call Failed: Error code: 400 - {'error': {'message': 'The model `mixtral-8x7b-32768` has been decommissioned and is no longer supported. Please refer to https://console.groq.com/docs/deprecations for a recommendation on which model to use instead.', 'type': 'invalid_request_error', 'code': 'model_decommissioned'}}",2026-02-16T14:02:18.802576
**#PHA**** Short Signal has achieved our 1st Target.✅**,N/A,Unknown,Available,"**#PHA**** Short Signal has achieved our 1st Target.✅**

30% profit in 10x Leverage from average entry and 15% profit in 5x Leverage.

**Another Big and Good One for Whales crypto 🐋  family**",Whales Crypto Guide,19168,N/A,No price found.,2026-02-16T14:02:18.808014
"Crypto Fear and Greed Index doubles to 14 from yesterday's 7, but remains stuck in ""Extreme Fear"" te",N/A,Unknown,Available,"Crypto Fear and Greed Index doubles to 14 from yesterday's 7, but remains stuck in ""Extreme Fear"" territory.",Whales Crypto Guide,19167,N/A,No price found.,2026-02-16T14:02:18.810706
**#XRP**** Short Signal has achieved our All Targets.✅✅✅✅**,N/A,Unknown,Available,"**#XRP**** Short Signal has achieved our All Targets.✅✅✅✅**

100% profit in 10x Leverage from average entry and 50% profit in 5x Leverage.

**Another Big and Good One for Whales crypto 🐋  family**",Whales Crypto Guide,19166,N/A,No price found.,2026-02-16T14:02:18.813439
"JUST IN: Binance adds another 4,225 Bitcoin to its SAFU fund. Now holds 10,455 $BTC in total.",N/A,Unknown,Available,"JUST IN: Binance adds another 4,225 Bitcoin to its SAFU fund. Now holds 10,455 $BTC in total.",Whales Crypto Guide,19165,N/A,No price found.,2026-02-16T14:02:18.817589
**Shorting ****#ZEN**** here**,$5.870,USD,Available,"**Shorting ****#ZEN**** here**

Short (5x-10x)

Entry: $5.870 - $5.950

Reason: Chart looks bearish for it. Worth a short for short-mid term quick profits too. It already broke down the support, looking bearish.

Targets: $5.750, $5.600, $5.450, $5.200

Stop-loss: $6.050",Whales Crypto Guide,19164,ERROR,"AI Call Failed: Error code: 400 - {'error': {'message': 'The model `mixtral-8x7b-32768` has been decommissioned and is no longer supported. Please refer to https://console.groq.com/docs/deprecations for a recommendation on which model to use instead.', 'type': 'invalid_request_error', 'code': 'model_decommissioned'}}",2026-02-16T14:02:19.520363
**#TURBO**** Short Signal has achieved our All Targets.✅✅✅✅✅✅**,N/A,Unknown,Available,"**#TURBO**** Short Signal has achieved our All Targets.✅✅✅✅✅✅**

340% profit in 10x Leverage from average entry and 170% profit in 5x Leverage.

**Another Big and Good One for Whales crypto 🐋  family**",Whales Crypto Guide,19163,N/A,No price found.,2026-02-16T14:02:19.524394
Switzerland's largest bank UBS is considering offering cryptocurrencies to individual clients.,N/A,Unknown,Available,Switzerland's largest bank UBS is considering offering cryptocurrencies to individual clients.,Whales Crypto Guide,19162,N/A,No price found.,2026-02-16T14:02:19.527100
**#PHA**** Short Signal has achieved our 1st Target.✅**,N/A,Unknown,Available,"**#PHA**** Short Signal has achieved our 1st Target.✅**

30% profit in 10x Leverage from average entry and 15% profit in 5x Leverage.

**Another Quick and Good One for Whales crypto 🐋  family**",Whales Crypto Guide,19161,N/A,No price found.,2026-02-16T14:02:19.529369
"Fidelity’s USD-pegged stablecoin FIDD is now live, with 1:1 USD minting for retail and institutional",1 USD,USD,Available,"Fidelity’s USD-pegged stablecoin FIDD is now live, with 1:1 USD minting for retail and institutional investors.",Whales Crypto Guide,19160,ERROR,"AI Call Failed: Error code: 400 - {'error': {'message': 'The model `mixtral-8x7b-32768` has been decommissioned and is no longer supported. Please refer to https://console.groq.com/docs/deprecations for a recommendation on which model to use instead.', 'type': 'invalid_request_error', 'code': 'model_decommissioned'}}",2026-02-16T14:02:20.338086
**Shorting ****#XRP**** here**,$1.5370,USD,Available,"**Shorting ****#XRP**** here**

Short (5x-10x)

Entry: $1.5370 - $1.5600

Reason: Chart looks bearish for it. Worth a short for short-mid term quick profits too. It already broke down the support, looking bearish.

Targets: $1.5100, $1.4800, $1.4500, $1.3800

Stop-loss: $1.5800",Whales Crypto Guide,19159,ERROR,"AI Call Failed: Error code: 400 - {'error': {'message': 'The model `mixtral-8x7b-32768` has been decommissioned and is no longer supported. Please refer to https://console.groq.com/docs/deprecations for a recommendation on which model to use instead.', 'type': 'invalid_request_error', 'code': 'model_decommissioned'}}",2026-02-16T14:02:21.018769
**Shorting ****#ICNT**** Here**,$0.3607,USD,Available,"**Shorting ****#ICNT**** Here**

Long (10x- 20x)

Entry: $0.3607 

Reason: Chart looks Bearish for it. Worth selling for short term quick profits too.

Targets: $0.3426, $0.3245, $0.3066, $0.2885, $0.2704, $0.2523

Stoploss: $0.3960",Whales Crypto Guide,19158,ERROR,"AI Call Failed: Error code: 400 - {'error': {'message': 'The model `mixtral-8x7b-32768` has been decommissioned and is no longer supported. Please refer to https://console.groq.com/docs/deprecations for a recommendation on which model to use instead.', 'type': 'invalid_request_error', 'code': 'model_decommissioned'}}",2026-02-16T14:02:21.783467
"JUST IN: 🇺🇸 S&P 500 closes at new all-time high of 6,978🔥",N/A,Unknown,Available,"JUST IN: 🇺🇸 S&P 500 closes at new all-time high of 6,978🔥",Whales Crypto Guide,19157,N/A,No price found.,2026-02-16T14:02:21.788001
**#TURBO**** Short Signal has achieved our 4th Target.✅✅✅✅**,N/A,Unknown,Available,"**#TURBO**** Short Signal has achieved our 4th Target.✅✅✅✅**

150% profit in 10x Leverage from average entry and 75% profit in 5x Leverage.

**Another Big and Good One for Whales crypto 🐋  family**",Whales Crypto Guide,19156,N/A,No price found.,2026-02-16T14:02:21.790076
JUST IN: Steak n Shake says its store sales are up an unbelievable 18%.,N/A,Unknown,Available,"JUST IN: Steak n Shake says its store sales are up an unbelievable 18%.

“Thanks to growing support from our loyal customers and our #Bitcoin champions.”

Bitcoin is good for businesses 🙌",Whales Crypto Guide,19155,N/A,No price found.,2026-02-16T14:02:21.792883
**#RONIN**** Short Signal has achieved our 1st Target.✅,N/A,Unknown,Available,"**#RONIN**** Short Signal has achieved our 1st Target.✅
**
40% profit in 10x Leverage from average entry and 20% profit in 5x Leverage.

**Another Quick and Good One for Whales crypto 🐋  family**",Whales Crypto Guide,19154,N/A,No price found.,2026-02-16T14:02:21.797791
"JUST IN: The Bitcoin Fear & Greed Index is now at ""Extreme Fear"" 👀",N/A,Unknown,Available,"JUST IN: The Bitcoin Fear & Greed Index is now at ""Extreme Fear"" 👀",Whales Crypto Guide,19153,N/A,No price found.,2026-02-16T14:02:21.801434
**Shorting ****#PHA**** here**,$0.03770,USD,Available,"**Shorting ****#PHA**** here**

Short (5x-10x)

Entry: $0.03770 - $0.03850

Reason: Chart looks bearish for it. Worth a short for short-mid term quick profits too. It already broke down the support, looking bearish.

Targets: $0.03700, $0.03600, $0.03500, $0.03400

Stop-loss: $0.03900",Whales Crypto Guide,19152,ERROR,"AI Call Failed: Error code: 400 - {'error': {'message': 'The model `mixtral-8x7b-32768` has been decommissioned and is no longer supported. Please refer to https://console.groq.com/docs/deprecations for a recommendation on which model to use instead.', 'type': 'invalid_request_error', 'code': 'model_decommissioned'}}",2026-02-16T14:02:22.494991
"Despite banning crypto, China is only 4,012 $BTC away from flipping the USA as the government with t",N/A,Unknown,Available,"Despite banning crypto, China is only 4,012 $BTC away from flipping the USA as the government with the largest Bitcoin holding.",Whales Crypto Guide,19151,N/A,No price found.,2026-02-16T14:02:22.498460
"**#TURBO**** Short Signal has achieved our 2nd,3rd Target.✅✅✅",N/A,Unknown,Available,"**#TURBO**** Short Signal has achieved our 2nd,3rd Target.✅✅✅
**
110% profit in 10x Leverage from average entry and 55% profit in 5x Leverage.

**Another Big and Good One for Whales crypto 🐋  family**",Whales Crypto Guide,19150,N/A,No price found.,2026-02-16T14:02:22.501944
"**#ACX**** All Entries Filled Short Signal has achieved our 1st,2nd Target.✅✅**",N/A,Unknown,Available,"**#ACX**** All Entries Filled Short Signal has achieved our 1st,2nd Target.✅✅**

60% profit in 10x Leverage from average entry and 30% profit in 5x Leverage.

**Another Big and Good One for Whales crypto 🐋  family**",Whales Crypto Guide,19149,N/A,No price found.,2026-02-16T14:02:22.503588
"Ethereum leads onchain lending with around $28B in active loans, per Token Terminal.",$28,USD,Available,"Ethereum leads onchain lending with around $28B in active loans, per Token Terminal.

That's about 10x more than any other network.",Whales Crypto Guide,19148,ERROR,"AI Call Failed: Error code: 400 - {'error': {'message': 'The model `mixtral-8x7b-32768` has been decommissioned and is no longer supported. Please refer to https://console.groq.com/docs/deprecations for a recommendation on which model to use instead.', 'type': 'invalid_request_error', 'code': 'model_decommissioned'}}",2026-02-16T14:02:23.514140
**Shorting ****#RONIN**** here**,$0.1390,USD,Available,"**Shorting ****#RONIN**** here**

Short (5x-10x)

Entry: $0.1390 - $0.1450

Reason: Chart looks bearish for it. Worth a short for short-mid term quick profits too. It already broke down the support, looking bearish.

Targets: $0.1350, $0.1300, $0.1250, $0.1200, $0.1100, $0.1000

Stop-loss: $0.1500",Whales Crypto Guide,19147,ERROR,"AI Call Failed: Error code: 400 - {'error': {'message': 'The model `mixtral-8x7b-32768` has been decommissioned and is no longer supported. Please refer to https://console.groq.com/docs/deprecations for a recommendation on which model to use instead.', 'type': 'invalid_request_error', 'code': 'model_decommissioned'}}",2026-02-16T14:02:24.333404
#CHZ Short Signal has achieved our 1st Target✅,N/A,Unknown,Available,"#CHZ Short Signal has achieved our 1st Target✅

After filling all entries 

180% profit in 20x Leverage from average entry and 90% profit in 10x Leverage.

Another Big and Good One for Whales crypto 🐋  family",Whales Crypto Guide,19146,N/A,No price found.,2026-02-16T14:02:24.366380
#ICNT Short Signal has achieved our 2nd Target✅✅,N/A,Unknown,Available,"#ICNT Short Signal has achieved our 2nd Target✅✅

200% profit in 20x Leverage from average entry and 100% profit in 10x Leverage.

Another Big and Good One for Whales crypto 🐋  family",Whales Crypto Guide,19145,N/A,No price found.,2026-02-16T14:02:24.370272
#ICNT Short Signal has achieved our 1st Target✅,N/A,Unknown,Available,"#ICNT Short Signal has achieved our 1st Target✅

100% profit in 20x Leverage from average entry and 50% profit in 10x Leverage.

Another Big and Good One for Whales crypto 🐋  family",Whales Crypto Guide,19144,N/A,No price found.,2026-02-16T14:02:24.373421
**Shorting ****#CHZ**** Here**,$0.05187,USD,Available,"**Shorting ****#CHZ**** Here**

Short (10x- 20x)

Entry: $0.05187 - $0.05400

Reason: Chart looks Bearish for it. Worth selling for short term quick profits too.

Targets: $0.04922, $0.04669, $0.04412, $0.04149, $0.03894, $0.03648, $0.03135

Stoploss: $0.05740",Whales Crypto Guide,19143,ERROR,"AI Call Failed: Error code: 400 - {'error': {'message': 'The model `mixtral-8x7b-32768` has been decommissioned and is no longer supported. Please refer to https://console.groq.com/docs/deprecations for a recommendation on which model to use instead.', 'type': 'invalid_request_error', 'code': 'model_decommissioned'}}",2026-02-16T14:02:25.254411
**Shorting ****#ICNT**** Here**,$0.3750,USD,Available,"**Shorting ****#ICNT**** Here**

Short (10x- 20x)

Entry: $0.3750 - $0.3900

Reason: Chart looks Bearish for it. Worth selling for short term quick profits too.

Targets: $0.3561, $0.3375, $0.3191, $0.3002, $0.2811, $0.2626

Stoploss: $0.4117",Whales Crypto Guide,19142,ERROR,"AI Call Failed: Error code: 400 - {'error': {'message': 'The model `mixtral-8x7b-32768` has been decommissioned and is no longer supported. Please refer to https://console.groq.com/docs/deprecations for a recommendation on which model to use instead.', 'type': 'invalid_request_error', 'code': 'model_decommissioned'}}",2026-02-16T14:02:26.074448
🐋 WHALE ALERT:  A Satoshi-era wallet holding 909 $BTC worth $84.6M just woke up after 13.2 years.,$84.6,USD,Available,"🐋 WHALE ALERT:  A Satoshi-era wallet holding 909 $BTC worth $84.6M just woke up after 13.2 years.

Bitcoin’s 13 year gains, 13,900x, crushed S&P 500's +481%, and 150% in gold.",Whales Crypto Guide,19141,ERROR,"AI Call Failed: Error code: 400 - {'error': {'message': 'The model `mixtral-8x7b-32768` has been decommissioned and is no longer supported. Please refer to https://console.groq.com/docs/deprecations for a recommendation on which model to use instead.', 'type': 'invalid_request_error', 'code': 'model_decommissioned'}}",2026-02-16T14:02:26.995070
**#TURBO**** Short Signal has achieved our 1st Target.✅**,N/A,Unknown,Available,"**#TURBO**** Short Signal has achieved our 1st Target.✅**

60% profit in 10x Leverage from average entry and 30% profit in 5x Leverage.

**Another Big and Good One for Whales crypto 🐋  family**",Whales Crypto Guide,19140,N/A,No price found.,2026-02-16T14:02:26.999336
"$135 MILLION Bitcoin and crypto longs liquidated in the past 60 minutes as BTC falls below $90,000📉",$135,USD,Available,"$135 MILLION Bitcoin and crypto longs liquidated in the past 60 minutes as BTC falls below $90,000📉",Whales Crypto Guide,19139,ERROR,"AI Call Failed: Error code: 400 - {'error': {'message': 'The model `mixtral-8x7b-32768` has been decommissioned and is no longer supported. Please refer to https://console.groq.com/docs/deprecations for a recommendation on which model to use instead.', 'type': 'invalid_request_error', 'code': 'model_decommissioned'}}",2026-02-16T14:02:27.916857
**Shorting ****#ACX**** here**,$0.04880,USD,Available,"**Shorting ****#ACX**** here**

Short (5x-10x)

Entry: $0.04880 - $0.04950

Reason: Chart looks bearish for it. Worth a short for short-mid term quick profits too. It already broke down the support, looking bearish.

Targets: $0.04780, $0.04680, $0.04580, $0.04460, $0.04300

Stop-loss: $0.05050",Whales Crypto Guide,19138,ERROR,"AI Call Failed: Error code: 400 - {'error': {'message': 'The model `mixtral-8x7b-32768` has been decommissioned and is no longer supported. Please refer to https://console.groq.com/docs/deprecations for a recommendation on which model to use instead.', 'type': 'invalid_request_error', 'code': 'model_decommissioned'}}",2026-02-16T14:02:28.839284
"BREAKING: 🇺🇸 STRATEGY BUYS ANOTHER 22,305 #BITCOIN FOR $2.1B",$2.1,USD,Available,"BREAKING: 🇺🇸 STRATEGY BUYS ANOTHER 22,305 #BITCOIN FOR $2.1B",Whales Crypto Guide,19137,ERROR,"AI Call Failed: Error code: 400 - {'error': {'message': 'The model `mixtral-8x7b-32768` has been decommissioned and is no longer supported. Please refer to https://console.groq.com/docs/deprecations for a recommendation on which model to use instead.', 'type': 'invalid_request_error', 'code': 'model_decommissioned'}}",2026-02-16T14:02:29.574521
**#PENGU**** Short Signal has achieved our All Targets.✅✅✅✅✅**,N/A,Unknown,Available,"**#PENGU**** Short Signal has achieved our All Targets.✅✅✅✅✅**

150% profit in 10x Leverage from average entry and 75% profit in 5x Leverage.

**Another Big and Good One for Whales crypto 🐋  family**",Whales Crypto Guide,19136,N/A,No price found.,2026-02-16T14:02:29.577135
JUST IN: 🇱🇦 Tether partners with local exchange to promote Bitcoin and stablecoin adoption in Laos,N/A,Unknown,Available,JUST IN: 🇱🇦 Tether partners with local exchange to promote Bitcoin and stablecoin adoption in Laos,Whales Crypto Guide,19135,N/A,No price found.,2026-02-16T14:02:29.579779
**Shorting ****#TURBO**** here**,$0.0016070,USD,Available,"**Shorting ****#TURBO**** here**

Short (5x-10x)

Entry: $0.0016070 - $0.00175

Reason: Chart looks bearish for it. Worth a short for short-mid term quick profits too. It already broke down the Symmetrical triangle pattern, looking bearish.

Targets: $0.00155, $0.00150, $0.00145, $0.00140, $0.00125, $0.00108

Stop-loss: $0.00185",Whales Crypto Guide,19134,ERROR,"AI Call Failed: Error code: 400 - {'error': {'message': 'The model `mixtral-8x7b-32768` has been decommissioned and is no longer supported. Please refer to https://console.groq.com/docs/deprecations for a recommendation on which model to use instead.', 'type': 'invalid_request_error', 'code': 'model_decommissioned'}}",2026-02-16T14:02:30.374622
"**#1000RATS**** Long Signal has achieved our 1st,2nd,3rd Target.✅✅✅",N/A,Unknown,Available,"**#1000RATS**** Long Signal has achieved our 1st,2nd,3rd Target.✅✅✅
**
90% profit in 10x Leverage from average entry and 45% profit in 5x Leverage.

**Another Big and Good One for Whales crypto 🐋  family**",Whales Crypto Guide,19133,N/A,No price found.,2026-02-16T14:02:30.378527
"JUST IN: Michael Saylor posts the Saylor #Bitcoin tracker again, hinting at buying more BTC 🚀",N/A,Unknown,Available,"JUST IN: Michael Saylor posts the Saylor #Bitcoin tracker again, hinting at buying more BTC 🚀",Whales Crypto Guide,19132,N/A,No price found.,2026-02-16T14:02:30.382206
**Shorting ****#PENGU**** here**,$0.011430,USD,Available,"**Shorting ****#PENGU**** here**

Short (5x-10x)

Entry: $0.011430 - $0.011800

Reason: Chart looks bearish for it. Worth a short for short-mid term quick profits too. It already broke down the Inverse cup and handle pattern, looking bearish.

Targets: $0.011200, $0.010900, $0.010700, $0.0104, $0.009800

Stop-loss: $0.01200",Whales Crypto Guide,19131,ERROR,"AI Call Failed: Error code: 400 - {'error': {'message': 'The model `mixtral-8x7b-32768` has been decommissioned and is no longer supported. Please refer to https://console.groq.com/docs/deprecations for a recommendation on which model to use instead.', 'type': 'invalid_request_error', 'code': 'model_decommissioned'}}",2026-02-16T14:02:31.295288
Boom🥂,N/A,Unknown,Available,Boom🥂,Whales Crypto Guide,19130,N/A,No price found.,2026-02-16T14:02:31.299802
#RIVER Short Signal has achieved our All Targets😎🔥,N/A,Unknown,Available,"#RIVER Short Signal has achieved our All Targets😎🔥
After hitting both entries.

840% profit in 20x Leverage from average entry and 420% profit in 10x Leverage.

Another Big and Good One for Whales crypto 🐋  family",Whales Crypto Guide,19129,N/A,No price found.,2026-02-16T14:02:31.303347
Last night signal🕊️vip members printing hard🔥contact admin for joining✅❤️,N/A,Unknown,Available,Last night signal🕊️vip members printing hard🔥contact admin for joining✅❤️,Whales Crypto Guide,19128,N/A,No price found.,2026-02-16T14:02:31.306121
📈 **Top 10 Gainers In The Last Week**,N/A,Unknown,Available,"📈 **Top 10 Gainers In The Last Week**

💧 [**DropsTab**](https://dropstab.com/tab/gainers-last-week-uow6bmyxfh)",ICO Drops - ICO News & Alerts,25102,N/A,No price found.,2026-02-16T14:02:31.601225
"Michael Saylor's 'Strategy' says it can ""withstand a drawdown in Bitcoin's price to $8K and still ha","to $8K and still have sufficient assets to fully cover its debt.""",USD,Available,"Michael Saylor's 'Strategy' says it can ""withstand a drawdown in Bitcoin's price to $8K and still have sufficient assets to fully cover its debt.""

https://x.com/WatcherGuru/status/2023100819604984227",ICO Drops - ICO News & Alerts,25101,ERROR,"AI Call Failed: Error code: 400 - {'error': {'message': 'The model `mixtral-8x7b-32768` has been decommissioned and is no longer supported. Please refer to https://console.groq.com/docs/deprecations for a recommendation on which model to use instead.', 'type': 'invalid_request_error', 'code': 'model_decommissioned'}}",2026-02-16T14:02:32.422841
"X is launching a number of features in a couple weeks, including Smart Cashtags that will enable you",N/A,Unknown,Available,"X is launching a number of features in a couple weeks, including Smart Cashtags that will enable you to trade stocks and crypto directly from timeline.

https://x.com/nikitabier/status/2022592748952653969",ICO Drops - ICO News & Alerts,25100,N/A,No price found.,2026-02-16T14:02:32.425443
The crypto market is down,$2.36,USD,Available,"The crypto market is down
BTC Dominance - 58.01%

Market Cap - $2.36T
BTC - $68,631 (-2.42%)
ETH - $1,966 (-5.2%)
BNB - $615 (-3.49%)
SOL - $85 (-4.07%)
STABLE - $0.02 (+19.57%)

https://dropstab.com",ICO Drops - ICO News & Alerts,25099,ERROR,"AI Call Failed: Error code: 400 - {'error': {'message': 'The model `mixtral-8x7b-32768` has been decommissioned and is no longer supported. Please refer to https://console.groq.com/docs/deprecations for a recommendation on which model to use instead.', 'type': 'invalid_request_error', 'code': 'model_decommissioned'}}",2026-02-16T14:02:33.139346
Tomasz Stańczak is stepping down from his co-ED role at the EF at the end of February 2026. Bastian ,N/A,Unknown,Available,"Tomasz Stańczak is stepping down from his co-ED role at the EF at the end of February 2026. Bastian Aue is taking over the co-ED role alongside Hsiao-Wei.

https://x.com/tkstanczak/status/2022315368430067847",ICO Drops - ICO News & Alerts,25098,N/A,No price found.,2026-02-16T14:02:33.142801
The crypto market is growing,$2.37,USD,Available,"The crypto market is growing
BTC Dominance - 57.96%

Market Cap - $2.37T
BTC - $68,891 (+3.77%)
ETH - $2,053 (+5.35%)
BNB - $616 (+1.51%)
SOL - $84 (+7.68%)
H - $0.22 (+29.11%)

https://dropstab.com",ICO Drops - ICO News & Alerts,25097,ERROR,"AI Call Failed: Error code: 400 - {'error': {'message': 'The model `mixtral-8x7b-32768` has been decommissioned and is no longer supported. Please refer to https://console.groq.com/docs/deprecations for a recommendation on which model to use instead.', 'type': 'invalid_request_error', 'code': 'model_decommissioned'}}",2026-02-16T14:02:33.959873
📈 **Highest FDV Coins Launched Year-to-Date**,N/A,Unknown,Available,"📈 **Highest FDV Coins Launched Year-to-Date**

💧[**DropsTab**](https://dropstab.com/tab/new-coins-a5f4hwas8f)",ICO Drops - ICO News & Alerts,25096,N/A,No price found.,2026-02-16T14:02:33.963921
CFTC announced the members of its newly formed Innovation Advisory Committee (IAC),N/A,Unknown,Available,"CFTC announced the members of its newly formed Innovation Advisory Committee (IAC)

https://www.cftc.gov/PressRoom/PressReleases/9182-26",ICO Drops - ICO News & Alerts,25095,N/A,No price found.,2026-02-16T14:02:33.967972
Aave Labs has submitted a governance proposal to allocate all of Aave-branded product revenue to the,N/A,Unknown,Available,"Aave Labs has submitted a governance proposal to allocate all of Aave-branded product revenue to the DAO treasury

https://governance.aave.com/t/temp-check-aave-will-win-framework/24055",ICO Drops - ICO News & Alerts,25094,N/A,No price found.,2026-02-16T14:02:33.970681
**Coinbase Reports Q4 & Full-Year 2025 Results,$1.8,USD,Available,"**Coinbase Reports Q4 & Full-Year 2025 Results
**
Coinbase drops its earnings: $1.8B in revenue for Q4 and $7.2B for the full year 2025.

https://s27.q4cdn.com/397450999/files/doc_financials/2025/q4/Q4-25-Shareholder-Letter.pdf",ICO Drops - ICO News & Alerts,25093,ERROR,"AI Call Failed: Error code: 400 - {'error': {'message': 'The model `mixtral-8x7b-32768` has been decommissioned and is no longer supported. Please refer to https://console.groq.com/docs/deprecations for a recommendation on which model to use instead.', 'type': 'invalid_request_error', 'code': 'model_decommissioned'}}",2026-02-16T14:02:34.775972
The crypto market is down,$2.29,USD,Available,"The crypto market is down
BTC Dominance - 57.88%

Market Cap - $2.29T
BTC - $66,494 (-1.55%)
ETH - $1,952 (-0.91%)
BNB - $607 (-1.65%)
SOL - $78 (-2.16%)
RIVER - $20.97 (+27.69%)

https://dropstab.com",ICO Drops - ICO News & Alerts,25092,ERROR,"AI Call Failed: Error code: 400 - {'error': {'message': 'The model `mixtral-8x7b-32768` has been decommissioned and is no longer supported. Please refer to https://console.groq.com/docs/deprecations for a recommendation on which model to use instead.', 'type': 'invalid_request_error', 'code': 'model_decommissioned'}}",2026-02-16T14:02:35.499223
Lighter partners with Circle to share revenue generated on $920M of USDC deposited on platform,jumps-lighter-920-million-circle/,Unknown,Available,"Lighter partners with Circle to share revenue generated on $920M of USDC deposited on platform

https://beincrypto.com/lit-price-jumps-lighter-920-million-circle/",ICO Drops - ICO News & Alerts,25091,ERROR,"AI Call Failed: Error code: 400 - {'error': {'message': 'The model `mixtral-8x7b-32768` has been decommissioned and is no longer supported. Please refer to https://console.groq.com/docs/deprecations for a recommendation on which model to use instead.', 'type': 'invalid_request_error', 'code': 'model_decommissioned'}}",2026-02-16T14:02:36.119816
Trump-linked World Liberty Financial plans to launch a foreign exchange and remittance platform call,N/A,Unknown,Available,"Trump-linked World Liberty Financial plans to launch a foreign exchange and remittance platform called World Swap.

https://www.theblock.co/post/389586/trump-backed-world-liberty-financial-to-roll-out-foreign-exchange-remittance-service-report",ICO Drops - ICO News & Alerts,25090,N/A,No price found.,2026-02-16T14:02:36.120993
Paolo Ardoino: “Testing Tether's QVAC AI Assistant,N/A,Unknown,Available,"Paolo Ardoino: “Testing Tether's QVAC AI Assistant
many skills already supported via MCP, using Asana in the example below (on a sub-average laptop GPU)”

https://x.com/paoloardoino/status/2021893989352542332",ICO Drops - ICO News & Alerts,25089,N/A,No price found.,2026-02-16T14:02:36.125402
"ARK Invest Acquires ~$50 Million in Shares of Robinhood, Bullish, and Circle",$50,USD,Available,"ARK Invest Acquires ~$50 Million in Shares of Robinhood, Bullish, and Circle

https://www.theblock.co/post/389546/ark-invest-buys-bullish-ten-straight-days",ICO Drops - ICO News & Alerts,25088,ERROR,"AI Call Failed: Error code: 400 - {'error': {'message': 'The model `mixtral-8x7b-32768` has been decommissioned and is no longer supported. Please refer to https://console.groq.com/docs/deprecations for a recommendation on which model to use instead.', 'type': 'invalid_request_error', 'code': 'model_decommissioned'}}",2026-02-16T14:02:36.928560
**Upbit to Delist Flow on March 16,N/A,Unknown,Available,"**Upbit to Delist Flow on March 16
**
Withdrawals will remain available for 30 days following the delisting — until April 16.

https://upbit.com/service_center/notice?id=6017&view=share",ICO Drops - ICO News & Alerts,25087,N/A,No price found.,2026-02-16T14:02:36.932490
"Binance SAFU Acquires 4,545 BTC ($304.58M), Completes $1B Bitcoin Purchase Plan","4,545 BTC",BTC,Available,"Binance SAFU Acquires 4,545 BTC ($304.58M), Completes $1B Bitcoin Purchase Plan

https://intel.arkm.com/explorer/address/1BAuq7Vho2CEkVkUxbfU26LhwQjbCmWQkD",ICO Drops - ICO News & Alerts,25086,ERROR,"AI Call Failed: Error code: 400 - {'error': {'message': 'The model `mixtral-8x7b-32768` has been decommissioned and is no longer supported. Please refer to https://console.groq.com/docs/deprecations for a recommendation on which model to use instead.', 'type': 'invalid_request_error', 'code': 'model_decommissioned'}}",2026-02-16T14:02:37.747088
Aster Chain mainnet is launching in March,N/A,Unknown,Available,"Aster Chain mainnet is launching in March

https://x.com/Aster_DEX/status/2021783039936958714",ICO Drops - ICO News & Alerts,25085,N/A,No price found.,2026-02-16T14:02:37.753592
"**Aztec trading has started on Bybit, KuCoin, and others",~$0.02 (0.44x of the auction clearing price) FDV: ~$213M,USD,Available,"**Aztec trading has started on Bybit, KuCoin, and others
**
Price: ~$0.02 (0.44x of the auction clearing price) FDV: ~$213M

https://www.bybit.com/en/trade/spot/AZTEC/USDT",ICO Drops - ICO News & Alerts,25084,ERROR,"AI Call Failed: Error code: 400 - {'error': {'message': 'The model `mixtral-8x7b-32768` has been decommissioned and is no longer supported. Please refer to https://console.groq.com/docs/deprecations for a recommendation on which model to use instead.', 'type': 'invalid_request_error', 'code': 'model_decommissioned'}}",2026-02-16T14:02:38.476999
"Top 100 gainers in 24 h: PIPPIN, ASTER, VET, STX, STABLE, BONK, PENGU, ZEC, DOT, ATOM, TRUMP",N/A,Unknown,Available,"Top 100 gainers in 24 h: PIPPIN, ASTER, VET, STX, STABLE, BONK, PENGU, ZEC, DOT, ATOM, TRUMP

https://dropstab.com/top-performance",ICO Drops - ICO News & Alerts,25083,N/A,No price found.,2026-02-16T14:02:38.479744
"Coinbase has introduced Agentic Wallets, the wallet infrastructure built specifically for autonomous",N/A,Unknown,Available,"Coinbase has introduced Agentic Wallets, the wallet infrastructure built specifically for autonomous agents.

https://x.com/CoinbaseDev/status/2021647661871640726",ICO Drops - ICO News & Alerts,25082,N/A,No price found.,2026-02-16T14:02:38.482260
📈 **Elon Musk’s Net Worth vs Total Altcoins M.Cap**,$261,USD,Available,"📈 **Elon Musk’s Net Worth vs Total Altcoins M.Cap**

Musk’s personal wealth currently exceeds the combined valuation of the entire altcoin market.

🔻 __At current levels, __[__Ethereum__](https://dropstab.com/coins/ethereum)__ is:__

• ~3.6x smaller than Elon’s net worth
• Below **Larry Page ($261B)**
• Below **Sergey Brin ($240B)**
• Almost equal to **Mark Zuckerberg ($229B)** — #4 on the Forbes list.

💧[**DropsTab**](https://dropstab.com/)",ICO Drops - ICO News & Alerts,25081,ERROR,"AI Call Failed: Error code: 400 - {'error': {'message': 'The model `mixtral-8x7b-32768` has been decommissioned and is no longer supported. Please refer to https://console.groq.com/docs/deprecations for a recommendation on which model to use instead.', 'type': 'invalid_request_error', 'code': 'model_decommissioned'}}",2026-02-16T14:02:39.091989
"eSui Dollar (suiUSDe), the synthetic dollar issued in collaboration with Ethena Labs, is now live on",N/A,Unknown,Available,"eSui Dollar (suiUSDe), the synthetic dollar issued in collaboration with Ethena Labs, is now live on Sui Mainnet

https://blog.sui.io/esui-dollar-suiusde-deepbook-margin/",ICO Drops - ICO News & Alerts,25080,N/A,No price found.,2026-02-16T14:02:39.095370
"**Aztec trading will start on Bybit, KuCoin, Gate, and others on February 12 at 7:00 UTC",$119,USD,Available,"**Aztec trading will start on Bybit, KuCoin, Gate, and others on February 12 at 7:00 UTC
**
Aztec has raised $119 million from Paradigm, a16z, ConsenSys, Coinbase, and others.

https://x.com/kucoincom/status/2021617921844482531",ICO Drops - ICO News & Alerts,25079,ERROR,"AI Call Failed: Error code: 400 - {'error': {'message': 'The model `mixtral-8x7b-32768` has been decommissioned and is no longer supported. Please refer to https://console.groq.com/docs/deprecations for a recommendation on which model to use instead.', 'type': 'invalid_request_error', 'code': 'model_decommissioned'}}",2026-02-16T14:02:39.897945
**CoinList Announces the ****USD.AI**** Token Sale,$0.03,USD,Available,"**CoinList Announces the ****USD.AI**** Token Sale 

**Sale Terms: February 22, 23:00 UTC - February 27, 23:00 UTC
Token price: $0.03
FDV: $300,000,000
Unlock schedule: 100% unlock at TGE expected March 2026 (U.S. accredited participants will be subject to a 1-year lock-up from TGE)
Minimum purchase: $100
Allocated supply: 700,000,000 CHIP
Total supply: 10,000,000,000 CHIP
The USD.AI token sale is exclusive to users who participated in USD.AI’s Allo Game.

https://coinlist.co/en/usdai",ICO Drops - ICO News & Alerts,25078,ERROR,"AI Call Failed: Error code: 400 - {'error': {'message': 'The model `mixtral-8x7b-32768` has been decommissioned and is no longer supported. Please refer to https://console.groq.com/docs/deprecations for a recommendation on which model to use instead.', 'type': 'invalid_request_error', 'code': 'model_decommissioned'}}",2026-02-16T14:02:40.622476
The crypto market is down,$2.32,USD,Available,"The crypto market is down
BTC Dominance - 58.09%

Market Cap - $2.32T
BTC - $67,211 (-0.72%)
ETH - $1,964 (-0.65%)
BNB - $614 (+0.44%)
SOL - $80 (-2.07%)
PIPPIN - $0.49 (+25.9%)

https://dropstab.com",ICO Drops - ICO News & Alerts,25077,ERROR,"AI Call Failed: Error code: 400 - {'error': {'message': 'The model `mixtral-8x7b-32768` has been decommissioned and is no longer supported. Please refer to https://console.groq.com/docs/deprecations for a recommendation on which model to use instead.', 'type': 'invalid_request_error', 'code': 'model_decommissioned'}}",2026-02-16T14:02:41.342851
Securitize has partnered with Uniswap to enable on-chain trading of (BUIDL) BlackRock’s USD Institut,has increased by 40%.,Unknown,Available,"Securitize has partnered with Uniswap to enable on-chain trading of (BUIDL) BlackRock’s USD Institutional Digital Liquidity Fund through UniswapX
 
The UNI price has increased by 40%.

https://x.com/Securitize/status/2021585141995282856",ICO Drops - ICO News & Alerts,25076,ERROR,"AI Call Failed: Error code: 400 - {'error': {'message': 'The model `mixtral-8x7b-32768` has been decommissioned and is no longer supported. Please refer to https://console.groq.com/docs/deprecations for a recommendation on which model to use instead.', 'type': 'invalid_request_error', 'code': 'model_decommissioned'}}",2026-02-16T14:02:42.085962
"Franklin Templeton, Binance roll out program letting institutions use tokenized money funds as tradi",N/A,Unknown,Available,"Franklin Templeton, Binance roll out program letting institutions use tokenized money funds as trading collateral

https://www.theblock.co/post/389280/franklin-templeton-binance-program-institutions-tokenized-money-funds-trading-collateral",ICO Drops - ICO News & Alerts,25075,N/A,No price found.,2026-02-16T14:02:42.089866
Crypto's banker adversaries didn't want to deal in latest White House meeting on bill,N/A,Unknown,Available,"Crypto's banker adversaries didn't want to deal in latest White House meeting on bill

https://www.coindesk.com/policy/2026/02/10/crypto-s-banker-adversaries-didn-t-want-to-deal-in-latest-white-house-meeting-on-bill",ICO Drops - ICO News & Alerts,25074,N/A,No price found.,2026-02-16T14:02:42.093358
Stripe launches machine payments for AI agents using USDC on Base,N/A,Unknown,Available,"Stripe launches machine payments for AI agents using USDC on Base

https://x.com/jeff_weinstein/status/2021331763960873058",ICO Drops - ICO News & Alerts,25073,N/A,No price found.,2026-02-16T14:02:42.095373
Bitcoin and Ethereum are now available in TON Wallet,N/A,Unknown,Available,"Bitcoin and Ethereum are now available in TON Wallet

https://x.com/tonwallet_tg/status/2021220246921806086",ICO Drops - ICO News & Alerts,25072,N/A,No price found.,2026-02-16T14:02:42.099976
Binance Futures Launched USDⓈ-Margined AZTECUSDT Perpetual Contract Pre-Market Trading**,N/A,Unknown,Available,"Binance Futures Launched USDⓈ-Margined AZTECUSDT Perpetual Contract Pre-Market Trading**

**https://www.binance.com/en/futures/AZTECUSDT",ICO Drops - ICO News & Alerts,25071,N/A,No price found.,2026-02-16T14:02:42.106024
**Robinhood Chain Launches Public Testnet,N/A,Unknown,Available,"**Robinhood Chain Launches Public Testnet
**
The testnet is live for developers to build infrastructure on Robinhood Chain, a financial-grade Ethereum Layer 2 built on Arbitrum, designed to support real-world assets.

https://x.com/robinhoodapp/status/2021399303722258575",ICO Drops - ICO News & Alerts,25070,N/A,No price found.,2026-02-16T14:02:42.111445
**Goldman Sachs Holds $2.36B in Crypto ETFs**,$2.36,USD,Available,"**Goldman Sachs Holds $2.36B in Crypto ETFs**

$1.1B in Bitcoin ETFs
$1B in Ethereum ETFs
$108M in Solana ETFs
$153M in Ripple ETFs

https://www.sec.gov/Archives/edgar/data/886982/000088698226000052/xslForm13F_X02/SubmissionFile2.0.xml",ICO Drops - ICO News & Alerts,25069,ERROR,"AI Call Failed: Error code: 400 - {'error': {'message': 'The model `mixtral-8x7b-32768` has been decommissioned and is no longer supported. Please refer to https://console.groq.com/docs/deprecations for a recommendation on which model to use instead.', 'type': 'invalid_request_error', 'code': 'model_decommissioned'}}",2026-02-16T14:02:42.870420
"**LayerZero introduced Zero, a new blockchain design using zero-knowledge proofs and a split validat",increased by 40% following the announcement.**,Unknown,Available,"**LayerZero introduced Zero, a new blockchain design using zero-knowledge proofs and a split validator model to target up to 2M transactions per second per zone

**The mainnet launch is scheduled for autumn 2026.

The ZRO price increased by 40% following the announcement.**
**
https://x.com/LayerZero_Core/status/2021336132047294898",ICO Drops - ICO News & Alerts,25068,ERROR,"AI Call Failed: Error code: 400 - {'error': {'message': 'The model `mixtral-8x7b-32768` has been decommissioned and is no longer supported. Please refer to https://console.groq.com/docs/deprecations for a recommendation on which model to use instead.', 'type': 'invalid_request_error', 'code': 'model_decommissioned'}}",2026-02-16T14:02:43.586965
JPMorgan cut its December 2026 price target on Coinbase to $290 from $399 ahead of fourth-quarter ea,"target on Coinbase to $290 from $399 ahead of fourth-quarter earnings, citing weaker crypto trading volumes, softer prices and slower USDC growth.",USD,Available,"JPMorgan cut its December 2026 price target on Coinbase to $290 from $399 ahead of fourth-quarter earnings, citing weaker crypto trading volumes, softer prices and slower USDC growth.

https://www.coindesk.com/markets/2026/02/10/struggling-coinbase-gets-price-target-cut-from-jpmorgan-ahead-of-thursday-earnings",ICO Drops - ICO News & Alerts,25067,ERROR,"AI Call Failed: Error code: 400 - {'error': {'message': 'The model `mixtral-8x7b-32768` has been decommissioned and is no longer supported. Please refer to https://console.groq.com/docs/deprecations for a recommendation on which model to use instead.', 'type': 'invalid_request_error', 'code': 'model_decommissioned'}}",2026-02-16T14:02:44.403839
"Interactive Brokers announced the launch of Coinbase Derivatives, LLC nano Bitcoin and nano Ether fu",N/A,Unknown,Available,"Interactive Brokers announced the launch of Coinbase Derivatives, LLC nano Bitcoin and nano Ether futures contracts for trading on the IBKR platform

https://www.businesswire.com/news/home/20260210379285/en/Interactive-Brokers-Expands-Crypto-Futures-Offering-with-Coinbase-Derivatives",ICO Drops - ICO News & Alerts,25066,N/A,No price found.,2026-02-16T14:02:44.406051
The crypto market is down,$2.35,USD,Available,"The crypto market is down
BTC Dominance - 58.09%

Market Cap - $2.35T
BTC - $68,259 (-2.06%)
ETH - $2,009 (-2.96%)
BNB - $617 (-2.84%)
SOL - $83 (-3.13%)
PIPPIN - $0.39 (+33.12%)

https://dropstab.com",ICO Drops - ICO News & Alerts,25065,ERROR,"AI Call Failed: Error code: 400 - {'error': {'message': 'The model `mixtral-8x7b-32768` has been decommissioned and is no longer supported. Please refer to https://console.groq.com/docs/deprecations for a recommendation on which model to use instead.', 'type': 'invalid_request_error', 'code': 'model_decommissioned'}}",2026-02-16T14:02:45.227828
**📈**** Top Perp DEXs by LP Vault APR Last Month**,N/A,Unknown,Available,"**📈**** Top Perp DEXs by LP Vault APR Last Month**

• [Hyperliquid](https://dropstab.com/coins/edgex-exchange) **94.62%**
• [EdgeX](https://dropstab.com/coins/edgex-exchange) **60.6%**
• [Jupiter](https://dropstab.com/coins/jupiter-station)** 52.5% **

💧 [**DropsTab**](https://dropstab.com/tab/perp)",ICO Drops - ICO News & Alerts,25064,N/A,No price found.,2026-02-16T14:02:45.241860
Tether Announces Strategic Investment in LayerZero Labs,N/A,Unknown,Available,"Tether Announces Strategic Investment in LayerZero Labs

https://x.com/tether/status/2021225940123013626",ICO Drops - ICO News & Alerts,25063,N/A,No price found.,2026-02-16T14:02:45.245127
Sam Bankman-Fried: “Agree with almost all of this.,N/A,Unknown,Available,"Sam Bankman-Fried: “Agree with almost all of this.
But FTX was never bankrupt. I never filed for it.
The lawyers took over the company and 4 hours later they filed a bogus bankruptcy so they could pilfer it for money.”

https://x.com/SBF_FTX/status/2021165548306907339",ICO Drops - ICO News & Alerts,25062,N/A,No price found.,2026-02-16T14:02:45.248580
Chromia has introduced clawchain.ai: an on-chain agentic 'Reddit'-style platform with autonomous tra,N/A,Unknown,Available,"Chromia has introduced clawchain.ai: an on-chain agentic 'Reddit'-style platform with autonomous trading

https://blog.chromia.com/introducing-clawchain-ai-a-100-on-chain-agentic-social-network/",ICO Drops - ICO News & Alerts,25061,N/A,No price found.,2026-02-16T14:02:45.252280
XION launches an on-chain ZK email verification,N/A,Unknown,Available,"XION launches an on-chain ZK email verification

https://x.com/burnt_xion/status/2020883786104488247",ICO Drops - ICO News & Alerts,25060,N/A,No price found.,2026-02-16T14:02:45.255143
🟪  **Ethereum Ecosystem: Price Performance Last Year**,Performance Last Year**,Unknown,Available,"🟪  **Ethereum Ecosystem: Price Performance Last Year**

👉 [**DropsTab**](https://dropstab.com/tab/ethereum-ecosystem-kpfvf3sf6n)",ICO Drops - ICO News & Alerts,25059,ERROR,"AI Call Failed: Error code: 400 - {'error': {'message': 'The model `mixtral-8x7b-32768` has been decommissioned and is no longer supported. Please refer to https://console.groq.com/docs/deprecations for a recommendation on which model to use instead.', 'type': 'invalid_request_error', 'code': 'model_decommissioned'}}",2026-02-16T14:02:46.042937
"3,500,000,000 USDT burned at Tether Treasury","3,500,000,000 USD",USD,Available,"3,500,000,000 USDT burned at Tether Treasury

https://intel.arkm.com/explorer/token/tether",ICO Drops - ICO News & Alerts,25058,ERROR,"AI Call Failed: Error code: 400 - {'error': {'message': 'The model `mixtral-8x7b-32768` has been decommissioned and is no longer supported. Please refer to https://console.groq.com/docs/deprecations for a recommendation on which model to use instead.', 'type': 'invalid_request_error', 'code': 'model_decommissioned'}}",2026-02-16T14:02:46.765295
**Hyperliquid is quietly outgrowing Coinbase**,Performance:,Unknown,Available,"**Hyperliquid is quietly outgrowing Coinbase**

Trading Volume (Notional):
• Coinbase: $1.4T
• Hyperliquid: $2.6T

YTD Price Performance:
• Hyperliquid: +31.7%
• Coinbase: -27.0%

https://x.com/artemis/status/2020965276234154248",ICO Drops - ICO News & Alerts,25057,ERROR,"AI Call Failed: Error code: 400 - {'error': {'message': 'The model `mixtral-8x7b-32768` has been decommissioned and is no longer supported. Please refer to https://console.groq.com/docs/deprecations for a recommendation on which model to use instead.', 'type': 'invalid_request_error', 'code': 'model_decommissioned'}}",2026-02-16T14:02:47.383408
Binance holds about 87% of USD1,N/A,Unknown,Available,"Binance holds about 87% of USD1

https://www.forbes.com/sites/zacheverson/2026/02/09/trump-stablecoin-usd1-binance-holds-87-percent/",ICO Drops - ICO News & Alerts,25056,N/A,No price found.,2026-02-16T14:02:47.387168
**Vitalik Buterin outlines updated Ethereum-AI vision across four key areas**,N/A,Unknown,Available,"**Vitalik Buterin outlines updated Ethereum-AI vision across four key areas**

This includes trustless AI interaction tools, economic infrastructure for AI agents, cypherpunk self-sovereignty with local LLMs, and scaling markets and governance systems.

https://x.com/VitalikButerin/status/2020963864175657102",ICO Drops - ICO News & Alerts,25055,N/A,No price found.,2026-02-16T14:02:47.388821
The crypto market is down,$2.38,USD,Available,"The crypto market is down
BTC Dominance - 58.12%

Market Cap - $2.38T
BTC - $69,452 (-2.23%)
ETH - $2,061 (-1.45%)
BNB - $632 (-1.63%)
SOL - $85 (-2.06%)
STABLE - $0.02 (+13.24%)

https://dropstab.com",ICO Drops - ICO News & Alerts,25054,ERROR,"AI Call Failed: Error code: 400 - {'error': {'message': 'The model `mixtral-8x7b-32768` has been decommissioned and is no longer supported. Please refer to https://console.groq.com/docs/deprecations for a recommendation on which model to use instead.', 'type': 'invalid_request_error', 'code': 'model_decommissioned'}}",2026-02-16T14:02:48.089887
Backpack has introduced its tokenomics,N/A,Unknown,Available,"Backpack has introduced its tokenomics

https://x.com/Backpack/status/2020859026221744435",ICO Drops - ICO News & Alerts,25053,N/A,No price found.,2026-02-16T14:02:48.094062
**🌐 **#STORJ        #Crypto_Signal**,N/A,Unknown,Available,"**🌐 **#STORJ        #Crypto_Signal**

📍Quick 69 % Profit in 3 hrs 40 mins🥂

🎯 Targets 1, 2, 3 Done ✅**

VIP ➡️ @Team_CryptoTrader ☑️",Whale Alert Signals,852,N/A,No price found.,2026-02-16T14:02:48.350941
🌐 #STORJ        #Crypto_Signal,N/A,Unknown,Available,"🌐 #STORJ        #Crypto_Signal

📍Quick 50 % Profit in 3 hrs 11 mins🥂

🎯 Targets 1, 2 Done ✅

VIP ➡️ @Team_CryptoTrader ☑️",Whale Alert Signals,851,N/A,No price found.,2026-02-16T14:02:48.360480
**🌐 **#STORJ        #Crypto_Signal**,N/A,Unknown,Available,"**🌐 **#STORJ        #Crypto_Signal**

📍Quick 29 % Profit in 3 hrs 1 min🥂

🎯 Targets 1 Done ✅**

VIP ➡️ @Team_CryptoTrader ☑️",Whale Alert Signals,850,N/A,No price found.,2026-02-16T14:02:48.363294
📍Coin : #STORJ/USDT,N/A,Unknown,Available,"📍Coin : #STORJ/USDT

🔴 SHORT 

👉 Entry: 0.1120 - 0.1160

🌐 Leverage: 20x

🎯 Target 1: 0.1109
🎯 Target 2: 0.1098
🎯 Target 3: 0.1088
🎯 Target 4: 0.1076
🎯 Target 5: 0.1065
🎯 Target 6: 0.1053

❌ StopLoss: 0.1181",Whale Alert Signals,849,N/A,No price found.,2026-02-16T14:02:48.366302
**🌐 **#NEAR        #Crypto**,N/A,Unknown,Available,"**🌐 **#NEAR        #Crypto** 

📍Quick 28 % Profit in 9 hrs 3 mins🥂

🎯 Targets 1 Done ✅**

VIP ➡️ @Team_CryptoTrader ✅",Whale Alert Signals,848,N/A,No price found.,2026-02-16T14:02:48.370299
#RENDER is consolidating near the **support zone** inside the **descending** **channel** pattern on ,$12.00,USD,Available,"#RENDER is consolidating near the **support zone** inside the **descending** **channel** pattern on the **weekly** timeframe

This formation suggests another strong bulli**sh wave** is approaching

The sharp move could target **$12.00**",Whale Alert Signals,847,ERROR,"AI Call Failed: Error code: 400 - {'error': {'message': 'The model `mixtral-8x7b-32768` has been decommissioned and is no longer supported. Please refer to https://console.groq.com/docs/deprecations for a recommendation on which model to use instead.', 'type': 'invalid_request_error', 'code': 'model_decommissioned'}}",2026-02-16T14:02:49.114989
#GRT,$1.,USD,Available,"#GRT

The Graph is holding above the **lower** **border** of the **falling** **wedge** on the **weekly** timeframe

Heavy accumulation is visible at this su**pport z**o**ne a**longside increased buying volume

A sustained move higher could targ**et $1.**10",Whale Alert Signals,846,ERROR,"AI Call Failed: Error code: 400 - {'error': {'message': 'The model `mixtral-8x7b-32768` has been decommissioned and is no longer supported. Please refer to https://console.groq.com/docs/deprecations for a recommendation on which model to use instead.', 'type': 'invalid_request_error', 'code': 'model_decommissioned'}}",2026-02-16T14:02:49.932071
📍Coin : #NEAR/USDT,N/A,Unknown,Available,"📍Coin : #NEAR/USDT

🔴 SHORT 

👉 Entry: 1.0700 - 1.1000

🌐 Leverage: 20x

🎯 Target 1: 1.0600
🎯 Target 2: 1.0500
🎯 Target 3: 1.0400
🎯 Target 4: 1.0300
🎯 Target 5: 1.0200
🎯 Target 6: 1.0100

❌ StopLoss: 1.1250",Whale Alert Signals,845,N/A,No price found.,2026-02-16T14:02:49.935106
**🌐 ****#COMP****        ****#Crypto_Signal****,N/A,Unknown,Available,"**🌐 ****#COMP****        ****#Crypto_Signal****

📍Quick 120 % Profit in 1 hrs 34 mins🥂

🎯 Targets 1, 2, 3, 4, 5 Done ✅

JOIN VIP ➡️ ****@Team_CryptoTrader**** ✔️**",Whale Alert Signals,844,N/A,No price found.,2026-02-16T14:02:49.939799
**🌐 ****#COMP****        ****#Crypto_Signal****,N/A,Unknown,Available,"**🌐 ****#COMP****        ****#Crypto_Signal****

📍Quick 97 % Profit in 1 hr 4 mins🥂

🎯 Targets 1, 2, 3, 4 Done ✅

JOIN VIP ➡️ ****@Team_CryptoTrader**** ✔️**",Whale Alert Signals,843,N/A,No price found.,2026-02-16T14:02:49.942109
**🌐 ****#COMP****        ****#Crypto_Signal****,N/A,Unknown,Available,"**🌐 ****#COMP****        ****#Crypto_Signal****

📍Quick 70 % Profit in 31 mins🥂

🎯 Targets 1, 2, 3 Done ✅

JOIN VIP ➡️ ****@Team_CryptoTrader**** ✔️**",Whale Alert Signals,842,N/A,No price found.,2026-02-16T14:02:49.945754
📍Coin : #COMP/USDT,N/A,Unknown,Available,"📍Coin : #COMP/USDT

🔴 SHORT 

👉 Entry: 20.8000 - 21.2000

🌐 Leverage: 20x

🎯 Target 1: 20.6000
🎯 Target 2: 20.3900
🎯 Target 3: 20.1900
🎯 Target 4: 19.9300
🎯 Target 5: 19.7200
🎯 Target 6: 19.5100

❌ StopLoss: 21.6600",Whale Alert Signals,841,N/A,No price found.,2026-02-16T14:02:49.948842
Confirm receipt.,N/A,Unknown,Available,Confirm receipt.,Whale Alert Signals,840,N/A,No price found.,2026-02-16T14:02:49.951442
Sent.,N/A,Unknown,Available,Sent.,Whale Alert Signals,839,N/A,No price found.,2026-02-16T14:02:49.951817
Id do the 200 initially and after the 48hrs I'd invest more.,N/A,Unknown,Available,Id do the 200 initially and after the 48hrs I'd invest more.,Whale Alert Signals,837,N/A,No price found.,2026-02-16T14:02:49.955110
The recover losses promo.,N/A,Unknown,Available,The recover losses promo.,Whale Alert Signals,836,N/A,No price found.,2026-02-16T14:02:49.959230
"Hello, I saw you just posted in the public telegram group this.",N/A,Unknown,Available,"Hello, I saw you just posted in the public telegram group this.",Whale Alert Signals,835,N/A,No price found.,2026-02-16T14:02:49.963045
Is this ok?,N/A,Unknown,Available,Is this ok?,Whale Alert Signals,834,N/A,No price found.,2026-02-16T14:02:49.967211
500USD,500USD,USD,Available,500USD,Whale Alert Signals,833,ERROR,"AI Call Failed: Error code: 400 - {'error': {'message': 'The model `mixtral-8x7b-32768` has been decommissioned and is no longer supported. Please refer to https://console.groq.com/docs/deprecations for a recommendation on which model to use instead.', 'type': 'invalid_request_error', 'code': 'model_decommissioned'}}",2026-02-16T14:02:50.765013
"Hi, i want to try the recover loss method",N/A,Unknown,Available,"Hi, i want to try the recover loss method",Whale Alert Signals,832,N/A,No price found.,2026-02-16T14:02:50.768036
**SPECIAL OFFER.... Recover your loss.,$200,USD,Available,"**SPECIAL OFFER.... Recover your loss.

To new traders who can't apply Crypto, still loosing money in their Crypto account or those who may be to busy to apply our signals,here is a special offer for us to trade for you with guaranteed profit but 10% goes to the team.

48 Hours Trade [ 2 Days ] 


Invest $200 to earn $2,600
Invest $300 to earn $4,200
Invest $500 to earn $7,500
Invest $1000 to earn $15,000

72 Hours Trade [ 3 Days ] 

Invest $5000 to earn $75,000
Invest $10,000 to earn $150,000
Invest $20,000 to earn $300,000

Grab this big opportunity & ASK ME HOW.

Slots limited ☑️

Contact admin: ****@Team_CryptoTrader****☑️**",Whale Alert Signals,831,ERROR,"AI Call Failed: Error code: 400 - {'error': {'message': 'The model `mixtral-8x7b-32768` has been decommissioned and is no longer supported. Please refer to https://console.groq.com/docs/deprecations for a recommendation on which model to use instead.', 'type': 'invalid_request_error', 'code': 'model_decommissioned'}}",2026-02-16T14:02:51.571145
**The opportunities you hesitate to pursue are often those from which others are currently profiting,N/A,Unknown,Available,**The opportunities you hesitate to pursue are often those from which others are currently profiting. Do not allow apprehension to overshadow your conviction; cultivate your belief and overcome your fears.**👇👇,Whale Alert Signals,830,N/A,No price found.,2026-02-16T14:02:51.574565
**$110k successfully sent **💰,$110k,USD,Available,"**$110k successfully sent **💰

https://tronscan.org/#/transaction/809e231b1188a2f5d3770725e21aaf51f7ffbfba5dad9c2ad21e9b423fb046ca",Whale Alert Signals,829,ERROR,"AI Call Failed: Error code: 400 - {'error': {'message': 'The model `mixtral-8x7b-32768` has been decommissioned and is no longer supported. Please refer to https://console.groq.com/docs/deprecations for a recommendation on which model to use instead.', 'type': 'invalid_request_error', 'code': 'model_decommissioned'}}",2026-02-16T14:02:52.492649
**$26k successfully sent **💰,$26k,USD,Available,"**$26k successfully sent **💰

https://tronscan.org/#/transaction/38efd44655b834d15993ebd8a211c7e9e68c468412b37fe82952c63d969ddd4c",Whale Alert Signals,828,ERROR,"AI Call Failed: Error code: 400 - {'error': {'message': 'The model `mixtral-8x7b-32768` has been decommissioned and is no longer supported. Please refer to https://console.groq.com/docs/deprecations for a recommendation on which model to use instead.', 'type': 'invalid_request_error', 'code': 'model_decommissioned'}}",2026-02-16T14:02:53.221908
**$60k successfully sent **💰,$60k,USD,Available,"**$60k successfully sent **💰

https://tronscan.org/#/transaction/e0ed597e6a98eba4e6e137344bb8146388411cfd7fe02ab334e692f2cabdc6a4",Whale Alert Signals,827,ERROR,"AI Call Failed: Error code: 400 - {'error': {'message': 'The model `mixtral-8x7b-32768` has been decommissioned and is no longer supported. Please refer to https://console.groq.com/docs/deprecations for a recommendation on which model to use instead.', 'type': 'invalid_request_error', 'code': 'model_decommissioned'}}",2026-02-16T14:02:54.130977
**$156k successfully sent **💰,$156k,USD,Available,"**$156k successfully sent **💰

https://tronscan.org/#/transaction/b60565a27e22527c84b6f8362d2ed7a1928af4ba18d39b10a456374d3cd87534",Whale Alert Signals,826,ERROR,"AI Call Failed: Error code: 400 - {'error': {'message': 'The model `mixtral-8x7b-32768` has been decommissioned and is no longer supported. Please refer to https://console.groq.com/docs/deprecations for a recommendation on which model to use instead.', 'type': 'invalid_request_error', 'code': 'model_decommissioned'}}",2026-02-16T14:02:55.052627
**$150k successfully sent **💰,$150k,USD,Available,"**$150k successfully sent **💰

https://tronscan.org/#/transaction/796fb24308d388e94e6060818384074b6fc1fb5aef960c9ac72cc5440b367c07",Whale Alert Signals,825,ERROR,"AI Call Failed: Error code: 400 - {'error': {'message': 'The model `mixtral-8x7b-32768` has been decommissioned and is no longer supported. Please refer to https://console.groq.com/docs/deprecations for a recommendation on which model to use instead.', 'type': 'invalid_request_error', 'code': 'model_decommissioned'}}",2026-02-16T14:02:55.770031
**$100k successfully sent **💰,$100k,USD,Available,"**$100k successfully sent **💰

https://tronscan.org/#/transaction/f5fb984a52dc6337f61b55ea7e15b8298b4e922562df3e735f678bbc98755c6a",Whale Alert Signals,824,ERROR,"AI Call Failed: Error code: 400 - {'error': {'message': 'The model `mixtral-8x7b-32768` has been decommissioned and is no longer supported. Please refer to https://console.groq.com/docs/deprecations for a recommendation on which model to use instead.', 'type': 'invalid_request_error', 'code': 'model_decommissioned'}}",2026-02-16T14:02:56.587596
**$85k successfully sent **💰,$85k,USD,Available,"**$85k successfully sent **💰

https://tronscan.org/#/transaction/6c63cf00a29722d1171f6328094ff3dd0e139594469fdb9447b080d7b4c0085f",Whale Alert Signals,823,ERROR,"AI Call Failed: Error code: 400 - {'error': {'message': 'The model `mixtral-8x7b-32768` has been decommissioned and is no longer supported. Please refer to https://console.groq.com/docs/deprecations for a recommendation on which model to use instead.', 'type': 'invalid_request_error', 'code': 'model_decommissioned'}}",2026-02-16T14:02:57.509539
**$200k successfully sent **💰,$200k,USD,Available,"**$200k successfully sent **💰

https://tronscan.org/#/transaction/506549a85db7b2c4fffdae716c706b7afb2aa551e6980018722795d45b2684a1",Whale Alert Signals,822,ERROR,"AI Call Failed: Error code: 400 - {'error': {'message': 'The model `mixtral-8x7b-32768` has been decommissioned and is no longer supported. Please refer to https://console.groq.com/docs/deprecations for a recommendation on which model to use instead.', 'type': 'invalid_request_error', 'code': 'model_decommissioned'}}",2026-02-16T14:02:58.433722
**$100k successfully sent **💰,$100k,USD,Available,"**$100k successfully sent **💰

https://tronscan.org/#/transaction/38f08884a6d3a324b2f3b445d2dad32339701ebec88b6e7a72d65c2e58e2e8fd",Whale Alert Signals,821,ERROR,"AI Call Failed: Error code: 400 - {'error': {'message': 'The model `mixtral-8x7b-32768` has been decommissioned and is no longer supported. Please refer to https://console.groq.com/docs/deprecations for a recommendation on which model to use instead.', 'type': 'invalid_request_error', 'code': 'model_decommissioned'}}",2026-02-16T14:02:59.149613
Today's payouts have been successfully processed.,N/A,Unknown,Available,"Today's payouts have been successfully processed.

We kindly request all investors to verify the USDT address registered on their behalf. For any assistance, please contact our administrative support.

Should you be interested in participating in our program, please reach out to our",Whale Alert Signals,820,N/A,No price found.,2026-02-16T14:02:59.153573
**SPECIAL OFFER.... Recover your loss.,$200,USD,Available,"**SPECIAL OFFER.... Recover your loss.

To new traders who can't apply Crypto, still loosing money in their Crypto account or those who may be to busy to apply our signals,here is a special offer for us to trade for you with guaranteed profit but 10% goes to the team.

48 Hours Trade [ 2 Days ] 


Invest $200 to earn $2,600
Invest $300 to earn $4,200
Invest $500 to earn $7,500
Invest $1000 to earn $15,000

72 Hours Trade [ 3 Days ] 

Invest $5000 to earn $75,000
Invest $10,000 to earn $150,000
Invest $20,000 to earn $300,000

Grab this big opportunity & ASK ME HOW.

Slots limited ☑️

Contact admin: ****@Team_CryptoTrader****☑️**",Whale Alert Signals,819,ERROR,"AI Call Failed: Error code: 400 - {'error': {'message': 'The model `mixtral-8x7b-32768` has been decommissioned and is no longer supported. Please refer to https://console.groq.com/docs/deprecations for a recommendation on which model to use instead.', 'type': 'invalid_request_error', 'code': 'model_decommissioned'}}",2026-02-16T14:03:00.044150
💰🤑💵💸💰💵💸🤑🤑,N/A,Unknown,Available,💰🤑💵💸💰💵💸🤑🤑,Whale Alert Signals,817,N/A,No price found.,2026-02-16T14:03:00.048094
Shorting **#AXS**** Here**,$1.347,USD,Available,"Shorting **#AXS**** Here**

Long (10x- 20x)

Entry: $1.347

Reason: Chart looks Bearish for it. Worth selling for short term quick profits too.

Targets: $1.305, $1.266, $1.212, $1.145, $1.077, 

Stoploss: $1.415",Whales Crypto Guide,19178,ERROR,"AI Call Failed: Error code: 400 - {'error': {'message': 'The model `mixtral-8x7b-32768` has been decommissioned and is no longer supported. Please refer to https://console.groq.com/docs/deprecations for a recommendation on which model to use instead.', 'type': 'invalid_request_error', 'code': 'model_decommissioned'}}",2026-02-17T11:39:41.418078
**#STRK**** long Signal has achieved our 2nd Target.✅✅**,N/A,Unknown,Available,"**#STRK**** long Signal has achieved our 2nd Target.✅✅**

120x profit in 20x Leverage from average entry and 60% profit in 10x Leverage.

**Another Big and Good One for Whales crypto 🐋  family**",Whales Crypto Guide,19177,N/A,No price found.,2026-02-17T11:39:41.438030
**#STRK**** long Signal has achieved our 1st Target.✅**,N/A,Unknown,Available,"**#STRK**** long Signal has achieved our 1st Target.✅**

60x profit in 20x Leverage from average entry and 30% profit in 10x Leverage.

**Another Big and Good One for Whales crypto 🐋  family**",Whales Crypto Guide,19176,N/A,No price found.,2026-02-17T11:39:41.439040
The Coinbase Premium Index is experiencing a significant upward trend.,N/A,Unknown,Available,"The Coinbase Premium Index is experiencing a significant upward trend.

This typically indicates a strong demand for spot Bitcoin within the U.S. market.",Whales Crypto Guide,19175,N/A,No price found.,2026-02-17T11:39:41.440714
**Longing ****#ETHFI**** Here**,$0.4820,USD,Available,"**Longing ****#ETHFI**** Here**

Long (5x - 10x)

Entry: $0.4820 - $0.4600

Reason: Chart looks bullish for it. Worth buying for short term quick profits too. Already broke out of the triangle pattern and resistance zone also.

Targets: $0.4950, $0.5050, $0.5150, $0.5250, $0.5430, $0.5600

Stoploss: $0.4500",Whales Crypto Guide,19174,ERROR,"AI Call Failed: Error code: 400 - {'error': {'message': 'The model `mixtral-8x7b-32768` has been decommissioned and is no longer supported. Please refer to https://console.groq.com/docs/deprecations for a recommendation on which model to use instead.', 'type': 'invalid_request_error', 'code': 'model_decommissioned'}}",2026-02-17T11:39:41.934194
Longing **#STRK**** Here**,$0.04957,USD,Available,"Longing **#STRK**** Here**

Long (10x- 20x)

Entry: $0.04957 

Reason: Chart looks Bullish for it. Worth buying for short term quick profits too.

Targets: $0.05106, $0.05256, $0.05404, $0.05552, $0.05701, $0.05948

Stoploss: $0.04610",Whales Crypto Guide,19173,ERROR,"AI Call Failed: Error code: 400 - {'error': {'message': 'The model `mixtral-8x7b-32768` has been decommissioned and is no longer supported. Please refer to https://console.groq.com/docs/deprecations for a recommendation on which model to use instead.', 'type': 'invalid_request_error', 'code': 'model_decommissioned'}}",2026-02-17T11:39:42.699204
"Ethereum’s staking ratio surpasses 30%, setting a new all-time high, per Token Terminal.",N/A,Unknown,Available,"Ethereum’s staking ratio surpasses 30%, setting a new all-time high, per Token Terminal.",Whales Crypto Guide,19172,N/A,No price found.,2026-02-17T11:39:42.701789
**#ZEN**** Short Signal has achieved our 1st Target.✅**,N/A,Unknown,Available,"**#ZEN**** Short Signal has achieved our 1st Target.✅**

30% profit in 10x Leverage from average entry and 15% profit in 5x Leverage.

**Another Big and Good One for Whales crypto 🐋  family**",Whales Crypto Guide,19171,N/A,No price found.,2026-02-17T11:39:42.713405
"🇺🇸 White House gathering with crypto industry and banks was “productive,” but no compromise was reac",N/A,Unknown,Available,"🇺🇸 White House gathering with crypto industry and banks was “productive,” but no compromise was reached, reports Eleanor Terrett",Whales Crypto Guide,19170,N/A,No price found.,2026-02-17T11:39:42.718443
**Shorting ****#DRIFT**** here**,$0.0778,USD,Available,"**Shorting ****#DRIFT**** here**

Short (5x-10x)

Entry: $0.0778 - $0.0800

Reason: Chart looks bearish for it. Worth a short for short-mid term quick profits too. It already broke down the support, looking bearish.

Targets: $0.0755, $0.0740, $0.0720, $0.0700, $0.0680, $0.0650, $0.0600

Stop-loss: $0.0820",Whales Crypto Guide,19169,ERROR,"AI Call Failed: Error code: 400 - {'error': {'message': 'The model `mixtral-8x7b-32768` has been decommissioned and is no longer supported. Please refer to https://console.groq.com/docs/deprecations for a recommendation on which model to use instead.', 'type': 'invalid_request_error', 'code': 'model_decommissioned'}}",2026-02-17T11:39:43.386923
**#PHA**** Short Signal has achieved our 1st Target.✅**,N/A,Unknown,Available,"**#PHA**** Short Signal has achieved our 1st Target.✅**

30% profit in 10x Leverage from average entry and 15% profit in 5x Leverage.

**Another Big and Good One for Whales crypto 🐋  family**",Whales Crypto Guide,19168,N/A,No price found.,2026-02-17T11:39:43.387969
"Crypto Fear and Greed Index doubles to 14 from yesterday's 7, but remains stuck in ""Extreme Fear"" te",N/A,Unknown,Available,"Crypto Fear and Greed Index doubles to 14 from yesterday's 7, but remains stuck in ""Extreme Fear"" territory.",Whales Crypto Guide,19167,N/A,No price found.,2026-02-17T11:39:43.388977
**#XRP**** Short Signal has achieved our All Targets.✅✅✅✅**,N/A,Unknown,Available,"**#XRP**** Short Signal has achieved our All Targets.✅✅✅✅**

100% profit in 10x Leverage from average entry and 50% profit in 5x Leverage.

**Another Big and Good One for Whales crypto 🐋  family**",Whales Crypto Guide,19166,N/A,No price found.,2026-02-17T11:39:43.389485
"JUST IN: Binance adds another 4,225 Bitcoin to its SAFU fund. Now holds 10,455 $BTC in total.",N/A,Unknown,Available,"JUST IN: Binance adds another 4,225 Bitcoin to its SAFU fund. Now holds 10,455 $BTC in total.",Whales Crypto Guide,19165,N/A,No price found.,2026-02-17T11:39:43.391012
**Shorting ****#ZEN**** here**,$5.870,USD,Available,"**Shorting ****#ZEN**** here**

Short (5x-10x)

Entry: $5.870 - $5.950

Reason: Chart looks bearish for it. Worth a short for short-mid term quick profits too. It already broke down the support, looking bearish.

Targets: $5.750, $5.600, $5.450, $5.200

Stop-loss: $6.050",Whales Crypto Guide,19164,ERROR,"AI Call Failed: Error code: 400 - {'error': {'message': 'The model `mixtral-8x7b-32768` has been decommissioned and is no longer supported. Please refer to https://console.groq.com/docs/deprecations for a recommendation on which model to use instead.', 'type': 'invalid_request_error', 'code': 'model_decommissioned'}}",2026-02-17T11:39:44.051368
**#TURBO**** Short Signal has achieved our All Targets.✅✅✅✅✅✅**,N/A,Unknown,Available,"**#TURBO**** Short Signal has achieved our All Targets.✅✅✅✅✅✅**

340% profit in 10x Leverage from average entry and 170% profit in 5x Leverage.

**Another Big and Good One for Whales crypto 🐋  family**",Whales Crypto Guide,19163,N/A,No price found.,2026-02-17T11:39:44.052915
Switzerland's largest bank UBS is considering offering cryptocurrencies to individual clients.,N/A,Unknown,Available,Switzerland's largest bank UBS is considering offering cryptocurrencies to individual clients.,Whales Crypto Guide,19162,N/A,No price found.,2026-02-17T11:39:44.053730
**#PHA**** Short Signal has achieved our 1st Target.✅**,N/A,Unknown,Available,"**#PHA**** Short Signal has achieved our 1st Target.✅**

30% profit in 10x Leverage from average entry and 15% profit in 5x Leverage.

**Another Quick and Good One for Whales crypto 🐋  family**",Whales Crypto Guide,19161,N/A,No price found.,2026-02-17T11:39:44.054240
"Fidelity’s USD-pegged stablecoin FIDD is now live, with 1:1 USD minting for retail and institutional",1 USD,USD,Available,"Fidelity’s USD-pegged stablecoin FIDD is now live, with 1:1 USD minting for retail and institutional investors.",Whales Crypto Guide,19160,ERROR,"AI Call Failed: Error code: 400 - {'error': {'message': 'The model `mixtral-8x7b-32768` has been decommissioned and is no longer supported. Please refer to https://console.groq.com/docs/deprecations for a recommendation on which model to use instead.', 'type': 'invalid_request_error', 'code': 'model_decommissioned'}}",2026-02-17T11:39:44.837098
**Shorting ****#XRP**** here**,$1.5370,USD,Available,"**Shorting ****#XRP**** here**

Short (5x-10x)

Entry: $1.5370 - $1.5600

Reason: Chart looks bearish for it. Worth a short for short-mid term quick profits too. It already broke down the support, looking bearish.

Targets: $1.5100, $1.4800, $1.4500, $1.3800

Stop-loss: $1.5800",Whales Crypto Guide,19159,ERROR,"AI Call Failed: Error code: 400 - {'error': {'message': 'The model `mixtral-8x7b-32768` has been decommissioned and is no longer supported. Please refer to https://console.groq.com/docs/deprecations for a recommendation on which model to use instead.', 'type': 'invalid_request_error', 'code': 'model_decommissioned'}}",2026-02-17T11:39:45.406862
**Shorting ****#ICNT**** Here**,$0.3607,USD,Available,"**Shorting ****#ICNT**** Here**

Long (10x- 20x)

Entry: $0.3607 

Reason: Chart looks Bearish for it. Worth selling for short term quick profits too.

Targets: $0.3426, $0.3245, $0.3066, $0.2885, $0.2704, $0.2523

Stoploss: $0.3960",Whales Crypto Guide,19158,ERROR,"AI Call Failed: Error code: 400 - {'error': {'message': 'The model `mixtral-8x7b-32768` has been decommissioned and is no longer supported. Please refer to https://console.groq.com/docs/deprecations for a recommendation on which model to use instead.', 'type': 'invalid_request_error', 'code': 'model_decommissioned'}}",2026-02-17T11:39:45.954685
"JUST IN: 🇺🇸 S&P 500 closes at new all-time high of 6,978🔥",N/A,Unknown,Available,"JUST IN: 🇺🇸 S&P 500 closes at new all-time high of 6,978🔥",Whales Crypto Guide,19157,N/A,No price found.,2026-02-17T11:39:45.955709
**#TURBO**** Short Signal has achieved our 4th Target.✅✅✅✅**,N/A,Unknown,Available,"**#TURBO**** Short Signal has achieved our 4th Target.✅✅✅✅**

150% profit in 10x Leverage from average entry and 75% profit in 5x Leverage.

**Another Big and Good One for Whales crypto 🐋  family**",Whales Crypto Guide,19156,N/A,No price found.,2026-02-17T11:39:45.957223
JUST IN: Steak n Shake says its store sales are up an unbelievable 18%.,N/A,Unknown,Available,"JUST IN: Steak n Shake says its store sales are up an unbelievable 18%.

“Thanks to growing support from our loyal customers and our #Bitcoin champions.”

Bitcoin is good for businesses 🙌",Whales Crypto Guide,19155,N/A,No price found.,2026-02-17T11:39:45.958136
**#RONIN**** Short Signal has achieved our 1st Target.✅,N/A,Unknown,Available,"**#RONIN**** Short Signal has achieved our 1st Target.✅
**
40% profit in 10x Leverage from average entry and 20% profit in 5x Leverage.

**Another Quick and Good One for Whales crypto 🐋  family**",Whales Crypto Guide,19154,N/A,No price found.,2026-02-17T11:39:45.960261
"JUST IN: The Bitcoin Fear & Greed Index is now at ""Extreme Fear"" 👀",N/A,Unknown,Available,"JUST IN: The Bitcoin Fear & Greed Index is now at ""Extreme Fear"" 👀",Whales Crypto Guide,19153,N/A,No price found.,2026-02-17T11:39:45.961300
**Shorting ****#PHA**** here**,$0.03770,USD,Available,"**Shorting ****#PHA**** here**

Short (5x-10x)

Entry: $0.03770 - $0.03850

Reason: Chart looks bearish for it. Worth a short for short-mid term quick profits too. It already broke down the support, looking bearish.

Targets: $0.03700, $0.03600, $0.03500, $0.03400

Stop-loss: $0.03900",Whales Crypto Guide,19152,ERROR,"AI Call Failed: Error code: 400 - {'error': {'message': 'The model `mixtral-8x7b-32768` has been decommissioned and is no longer supported. Please refer to https://console.groq.com/docs/deprecations for a recommendation on which model to use instead.', 'type': 'invalid_request_error', 'code': 'model_decommissioned'}}",2026-02-17T11:39:46.344413
"Despite banning crypto, China is only 4,012 $BTC away from flipping the USA as the government with t",N/A,Unknown,Available,"Despite banning crypto, China is only 4,012 $BTC away from flipping the USA as the government with the largest Bitcoin holding.",Whales Crypto Guide,19151,N/A,No price found.,2026-02-17T11:39:46.347156
"**#TURBO**** Short Signal has achieved our 2nd,3rd Target.✅✅✅",N/A,Unknown,Available,"**#TURBO**** Short Signal has achieved our 2nd,3rd Target.✅✅✅
**
110% profit in 10x Leverage from average entry and 55% profit in 5x Leverage.

**Another Big and Good One for Whales crypto 🐋  family**",Whales Crypto Guide,19150,N/A,No price found.,2026-02-17T11:39:46.347156
"**#ACX**** All Entries Filled Short Signal has achieved our 1st,2nd Target.✅✅**",N/A,Unknown,Available,"**#ACX**** All Entries Filled Short Signal has achieved our 1st,2nd Target.✅✅**

60% profit in 10x Leverage from average entry and 30% profit in 5x Leverage.

**Another Big and Good One for Whales crypto 🐋  family**",Whales Crypto Guide,19149,N/A,No price found.,2026-02-17T11:39:46.349659
"Ethereum leads onchain lending with around $28B in active loans, per Token Terminal.",$28,USD,Available,"Ethereum leads onchain lending with around $28B in active loans, per Token Terminal.

That's about 10x more than any other network.",Whales Crypto Guide,19148,ERROR,"AI Call Failed: Error code: 400 - {'error': {'message': 'The model `mixtral-8x7b-32768` has been decommissioned and is no longer supported. Please refer to https://console.groq.com/docs/deprecations for a recommendation on which model to use instead.', 'type': 'invalid_request_error', 'code': 'model_decommissioned'}}",2026-02-17T11:39:46.750112
**Shorting ****#RONIN**** here**,$0.1390,USD,Available,"**Shorting ****#RONIN**** here**

Short (5x-10x)

Entry: $0.1390 - $0.1450

Reason: Chart looks bearish for it. Worth a short for short-mid term quick profits too. It already broke down the support, looking bearish.

Targets: $0.1350, $0.1300, $0.1250, $0.1200, $0.1100, $0.1000

Stop-loss: $0.1500",Whales Crypto Guide,19147,ERROR,"AI Call Failed: Error code: 400 - {'error': {'message': 'The model `mixtral-8x7b-32768` has been decommissioned and is no longer supported. Please refer to https://console.groq.com/docs/deprecations for a recommendation on which model to use instead.', 'type': 'invalid_request_error', 'code': 'model_decommissioned'}}",2026-02-17T11:39:47.122022
#CHZ Short Signal has achieved our 1st Target✅,N/A,Unknown,Available,"#CHZ Short Signal has achieved our 1st Target✅

After filling all entries 

180% profit in 20x Leverage from average entry and 90% profit in 10x Leverage.

Another Big and Good One for Whales crypto 🐋  family",Whales Crypto Guide,19146,N/A,No price found.,2026-02-17T11:39:47.123573
#ICNT Short Signal has achieved our 2nd Target✅✅,N/A,Unknown,Available,"#ICNT Short Signal has achieved our 2nd Target✅✅

200% profit in 20x Leverage from average entry and 100% profit in 10x Leverage.

Another Big and Good One for Whales crypto 🐋  family",Whales Crypto Guide,19145,N/A,No price found.,2026-02-17T11:39:47.125601
#ICNT Short Signal has achieved our 1st Target✅,N/A,Unknown,Available,"#ICNT Short Signal has achieved our 1st Target✅

100% profit in 20x Leverage from average entry and 50% profit in 10x Leverage.

Another Big and Good One for Whales crypto 🐋  family",Whales Crypto Guide,19144,N/A,No price found.,2026-02-17T11:39:47.126623
**Shorting ****#CHZ**** Here**,$0.05187,USD,Available,"**Shorting ****#CHZ**** Here**

Short (10x- 20x)

Entry: $0.05187 - $0.05400

Reason: Chart looks Bearish for it. Worth selling for short term quick profits too.

Targets: $0.04922, $0.04669, $0.04412, $0.04149, $0.03894, $0.03648, $0.03135

Stoploss: $0.05740",Whales Crypto Guide,19143,ERROR,"AI Call Failed: Error code: 400 - {'error': {'message': 'The model `mixtral-8x7b-32768` has been decommissioned and is no longer supported. Please refer to https://console.groq.com/docs/deprecations for a recommendation on which model to use instead.', 'type': 'invalid_request_error', 'code': 'model_decommissioned'}}",2026-02-17T11:39:47.489455
**Shorting ****#ICNT**** Here**,$0.3750,USD,Available,"**Shorting ****#ICNT**** Here**

Short (10x- 20x)

Entry: $0.3750 - $0.3900

Reason: Chart looks Bearish for it. Worth selling for short term quick profits too.

Targets: $0.3561, $0.3375, $0.3191, $0.3002, $0.2811, $0.2626

Stoploss: $0.4117",Whales Crypto Guide,19142,ERROR,"AI Call Failed: Error code: 400 - {'error': {'message': 'The model `mixtral-8x7b-32768` has been decommissioned and is no longer supported. Please refer to https://console.groq.com/docs/deprecations for a recommendation on which model to use instead.', 'type': 'invalid_request_error', 'code': 'model_decommissioned'}}",2026-02-17T11:39:47.918757
🐋 WHALE ALERT:  A Satoshi-era wallet holding 909 $BTC worth $84.6M just woke up after 13.2 years.,$84.6,USD,Available,"🐋 WHALE ALERT:  A Satoshi-era wallet holding 909 $BTC worth $84.6M just woke up after 13.2 years.

Bitcoin’s 13 year gains, 13,900x, crushed S&P 500's +481%, and 150% in gold.",Whales Crypto Guide,19141,ERROR,"AI Call Failed: Error code: 400 - {'error': {'message': 'The model `mixtral-8x7b-32768` has been decommissioned and is no longer supported. Please refer to https://console.groq.com/docs/deprecations for a recommendation on which model to use instead.', 'type': 'invalid_request_error', 'code': 'model_decommissioned'}}",2026-02-17T11:39:48.368147
**#TURBO**** Short Signal has achieved our 1st Target.✅**,N/A,Unknown,Available,"**#TURBO**** Short Signal has achieved our 1st Target.✅**

60% profit in 10x Leverage from average entry and 30% profit in 5x Leverage.

**Another Big and Good One for Whales crypto 🐋  family**",Whales Crypto Guide,19140,N/A,No price found.,2026-02-17T11:39:48.369224
"$135 MILLION Bitcoin and crypto longs liquidated in the past 60 minutes as BTC falls below $90,000📉",$135,USD,Available,"$135 MILLION Bitcoin and crypto longs liquidated in the past 60 minutes as BTC falls below $90,000📉",Whales Crypto Guide,19139,ERROR,"AI Call Failed: Error code: 400 - {'error': {'message': 'The model `mixtral-8x7b-32768` has been decommissioned and is no longer supported. Please refer to https://console.groq.com/docs/deprecations for a recommendation on which model to use instead.', 'type': 'invalid_request_error', 'code': 'model_decommissioned'}}",2026-02-17T11:39:48.814760
**Shorting ****#ACX**** here**,$0.04880,USD,Available,"**Shorting ****#ACX**** here**

Short (5x-10x)

Entry: $0.04880 - $0.04950

Reason: Chart looks bearish for it. Worth a short for short-mid term quick profits too. It already broke down the support, looking bearish.

Targets: $0.04780, $0.04680, $0.04580, $0.04460, $0.04300

Stop-loss: $0.05050",Whales Crypto Guide,19138,ERROR,"AI Call Failed: Error code: 400 - {'error': {'message': 'The model `mixtral-8x7b-32768` has been decommissioned and is no longer supported. Please refer to https://console.groq.com/docs/deprecations for a recommendation on which model to use instead.', 'type': 'invalid_request_error', 'code': 'model_decommissioned'}}",2026-02-17T11:39:49.170868
"BREAKING: 🇺🇸 STRATEGY BUYS ANOTHER 22,305 #BITCOIN FOR $2.1B",$2.1,USD,Available,"BREAKING: 🇺🇸 STRATEGY BUYS ANOTHER 22,305 #BITCOIN FOR $2.1B",Whales Crypto Guide,19137,ERROR,"AI Call Failed: Error code: 400 - {'error': {'message': 'The model `mixtral-8x7b-32768` has been decommissioned and is no longer supported. Please refer to https://console.groq.com/docs/deprecations for a recommendation on which model to use instead.', 'type': 'invalid_request_error', 'code': 'model_decommissioned'}}",2026-02-17T11:39:49.553316
**#PENGU**** Short Signal has achieved our All Targets.✅✅✅✅✅**,N/A,Unknown,Available,"**#PENGU**** Short Signal has achieved our All Targets.✅✅✅✅✅**

150% profit in 10x Leverage from average entry and 75% profit in 5x Leverage.

**Another Big and Good One for Whales crypto 🐋  family**",Whales Crypto Guide,19136,N/A,No price found.,2026-02-17T11:39:49.555903
JUST IN: 🇱🇦 Tether partners with local exchange to promote Bitcoin and stablecoin adoption in Laos,N/A,Unknown,Available,JUST IN: 🇱🇦 Tether partners with local exchange to promote Bitcoin and stablecoin adoption in Laos,Whales Crypto Guide,19135,N/A,No price found.,2026-02-17T11:39:49.555903
**Shorting ****#TURBO**** here**,$0.0016070,USD,Available,"**Shorting ****#TURBO**** here**

Short (5x-10x)

Entry: $0.0016070 - $0.00175

Reason: Chart looks bearish for it. Worth a short for short-mid term quick profits too. It already broke down the Symmetrical triangle pattern, looking bearish.

Targets: $0.00155, $0.00150, $0.00145, $0.00140, $0.00125, $0.00108

Stop-loss: $0.00185",Whales Crypto Guide,19134,ERROR,"AI Call Failed: Error code: 400 - {'error': {'message': 'The model `mixtral-8x7b-32768` has been decommissioned and is no longer supported. Please refer to https://console.groq.com/docs/deprecations for a recommendation on which model to use instead.', 'type': 'invalid_request_error', 'code': 'model_decommissioned'}}",2026-02-17T11:39:49.943997
"**#1000RATS**** Long Signal has achieved our 1st,2nd,3rd Target.✅✅✅",N/A,Unknown,Available,"**#1000RATS**** Long Signal has achieved our 1st,2nd,3rd Target.✅✅✅
**
90% profit in 10x Leverage from average entry and 45% profit in 5x Leverage.

**Another Big and Good One for Whales crypto 🐋  family**",Whales Crypto Guide,19133,N/A,No price found.,2026-02-17T11:39:49.945672
"JUST IN: Michael Saylor posts the Saylor #Bitcoin tracker again, hinting at buying more BTC 🚀",N/A,Unknown,Available,"JUST IN: Michael Saylor posts the Saylor #Bitcoin tracker again, hinting at buying more BTC 🚀",Whales Crypto Guide,19132,N/A,No price found.,2026-02-17T11:39:49.961574
**Shorting ****#PENGU**** here**,$0.011430,USD,Available,"**Shorting ****#PENGU**** here**

Short (5x-10x)

Entry: $0.011430 - $0.011800

Reason: Chart looks bearish for it. Worth a short for short-mid term quick profits too. It already broke down the Inverse cup and handle pattern, looking bearish.

Targets: $0.011200, $0.010900, $0.010700, $0.0104, $0.009800

Stop-loss: $0.01200",Whales Crypto Guide,19131,ERROR,"AI Call Failed: Error code: 400 - {'error': {'message': 'The model `mixtral-8x7b-32768` has been decommissioned and is no longer supported. Please refer to https://console.groq.com/docs/deprecations for a recommendation on which model to use instead.', 'type': 'invalid_request_error', 'code': 'model_decommissioned'}}",2026-02-17T11:39:50.341088
Boom🥂,N/A,Unknown,Available,Boom🥂,Whales Crypto Guide,19130,N/A,No price found.,2026-02-17T11:39:50.342653
#RIVER Short Signal has achieved our All Targets😎🔥,N/A,Unknown,Available,"#RIVER Short Signal has achieved our All Targets😎🔥
After hitting both entries.

840% profit in 20x Leverage from average entry and 420% profit in 10x Leverage.

Another Big and Good One for Whales crypto 🐋  family",Whales Crypto Guide,19129,N/A,No price found.,2026-02-17T11:39:50.344144
OpenSea will make announcements on March 30,N/A,Unknown,Available,"OpenSea will make announcements on March 30

https://x.com/opensea/status/2023432604784189920",ICO Drops - ICO News & Alerts,25111,N/A,No price found.,2026-02-17T11:39:50.481294
**Flying Tulip Public Sale Goes Live,N/A,Unknown,Available,"**Flying Tulip Public Sale Goes Live
**
Impossible Extends Sale Deadline to February 23, 8:00 UTC (Third Extension).

https://x.com/flyingtulip_/status/2023366257127330243",ICO Drops - ICO News & Alerts,25110,N/A,No price found.,2026-02-17T11:39:50.482889
The crypto market is neutral,$2.37,USD,Available,"The crypto market is neutral
BTC Dominance - 57.82%

Market Cap - $2.37T
BTC - $68,497 (-0.14%)
ETH - $1,986 (+1.09%)
BNB - $627 (+1.88%)
SOL - $86 (+1.29%)
M - $1.5 (+16.44%)

https://dropstab.com",ICO Drops - ICO News & Alerts,25109,ERROR,"AI Call Failed: Error code: 400 - {'error': {'message': 'The model `mixtral-8x7b-32768` has been decommissioned and is no longer supported. Please refer to https://console.groq.com/docs/deprecations for a recommendation on which model to use instead.', 'type': 'invalid_request_error', 'code': 'model_decommissioned'}}",2026-02-17T11:39:50.980812
"Nexo has reentered the U.S. market, rolling out a suite of digital asset services and trading infras",$11,USD,Available,"Nexo has reentered the U.S. market, rolling out a suite of digital asset services and trading infrastructure powered by U.S.-based Bakkt.

The company, which left the U.S. in 2022 after regulatory clashes over its Earn Interest Product, returns with $11 billion in assets under management and a focus on operating within a compliant framework.

https://www.coindesk.com/business/2026/02/16/nexo-partners-with-bakkt-reenters-the-u-s-with-crypto-yield-lending-and-exchange-services",ICO Drops - ICO News & Alerts,25108,ERROR,"AI Call Failed: Error code: 400 - {'error': {'message': 'The model `mixtral-8x7b-32768` has been decommissioned and is no longer supported. Please refer to https://console.groq.com/docs/deprecations for a recommendation on which model to use instead.', 'type': 'invalid_request_error', 'code': 'model_decommissioned'}}",2026-02-17T11:39:51.459775
Binance denies report on Iran-linked sanctions breaches and investigator firings**,N/A,Unknown,Available,"Binance denies report on Iran-linked sanctions breaches and investigator firings**

**https://cointelegraph.com/news/binance-denies-iran-sanctions-report-fortune",ICO Drops - ICO News & Alerts,25107,N/A,No price found.,2026-02-17T11:39:51.461454
📈 **World’s Largest Assets: Performance Over the Last 3 Months**,N/A,Unknown,Available,"📈 **World’s Largest Assets: Performance Over the Last 3 Months**

💧 [**DropsTab**](https://dropstab.com/tab/world-largest-assets-6fbderqg63)",ICO Drops - ICO News & Alerts,25106,N/A,No price found.,2026-02-17T11:39:51.462013
👀 **Major Token Unlocks Coming Next Week**,N/A,Unknown,Available,"👀 **Major Token Unlocks Coming Next Week**

👉 [Token Unlocks and Vesting Schedules](https://dropstab.com/insights/vesting)",ICO Drops - ICO News & Alerts,25105,N/A,No price found.,2026-02-17T11:39:51.463573
**Morpho Association Announces Cooperation Agreement with Apollo,N/A,Unknown,Available,"**Morpho Association Announces Cooperation Agreement with Apollo
**
Under the Agreement, Apollo or its affiliates may acquire MORPHO tokens through a combination of open-market purchases, OTC transactions, and other contractual arrangements, subject to an overall ownership cap of 90 million MORPHO tokens over a 48-month period as well as transfer and trading restrictions.

https://morpho.org/blog/morpho-association-announces-cooperation-agreement-with-apollo/",ICO Drops - ICO News & Alerts,25104,N/A,No price found.,2026-02-17T11:39:51.464612
DeFiLlama founder: “Was curious if this was true and looks like it,N/A,Unknown,Available,"DeFiLlama founder: “Was curious if this was true and looks like it

Among projects that reached some pmf (>10m in tvl or >1m/mo in fees), those that launched a token were +50% more likely to die compared to those that didn't launch a token.”

https://x.com/0xngmi/status/2023202824583340353",ICO Drops - ICO News & Alerts,25103,N/A,No price found.,2026-02-17T11:39:51.465619
📈 **Top 10 Gainers In The Last Week**,N/A,Unknown,Available,"📈 **Top 10 Gainers In The Last Week**

💧 [**DropsTab**](https://dropstab.com/tab/gainers-last-week-uow6bmyxfh)",ICO Drops - ICO News & Alerts,25102,N/A,No price found.,2026-02-17T11:39:51.466972
"Michael Saylor's 'Strategy' says it can ""withstand a drawdown in Bitcoin's price to $8K and still ha","to $8K and still have sufficient assets to fully cover its debt.""",USD,Available,"Michael Saylor's 'Strategy' says it can ""withstand a drawdown in Bitcoin's price to $8K and still have sufficient assets to fully cover its debt.""

https://x.com/WatcherGuru/status/2023100819604984227",ICO Drops - ICO News & Alerts,25101,ERROR,"AI Call Failed: Error code: 400 - {'error': {'message': 'The model `mixtral-8x7b-32768` has been decommissioned and is no longer supported. Please refer to https://console.groq.com/docs/deprecations for a recommendation on which model to use instead.', 'type': 'invalid_request_error', 'code': 'model_decommissioned'}}",2026-02-17T11:39:51.940617
"X is launching a number of features in a couple weeks, including Smart Cashtags that will enable you",N/A,Unknown,Available,"X is launching a number of features in a couple weeks, including Smart Cashtags that will enable you to trade stocks and crypto directly from timeline.

https://x.com/nikitabier/status/2022592748952653969",ICO Drops - ICO News & Alerts,25100,N/A,No price found.,2026-02-17T11:39:51.942625
The crypto market is down,$2.36,USD,Available,"The crypto market is down
BTC Dominance - 58.01%

Market Cap - $2.36T
BTC - $68,631 (-2.42%)
ETH - $1,966 (-5.2%)
BNB - $615 (-3.49%)
SOL - $85 (-4.07%)
STABLE - $0.02 (+19.57%)

https://dropstab.com",ICO Drops - ICO News & Alerts,25099,ERROR,"AI Call Failed: Error code: 400 - {'error': {'message': 'The model `mixtral-8x7b-32768` has been decommissioned and is no longer supported. Please refer to https://console.groq.com/docs/deprecations for a recommendation on which model to use instead.', 'type': 'invalid_request_error', 'code': 'model_decommissioned'}}",2026-02-17T11:39:52.367737
Tomasz Stańczak is stepping down from his co-ED role at the EF at the end of February 2026. Bastian ,N/A,Unknown,Available,"Tomasz Stańczak is stepping down from his co-ED role at the EF at the end of February 2026. Bastian Aue is taking over the co-ED role alongside Hsiao-Wei.

https://x.com/tkstanczak/status/2022315368430067847",ICO Drops - ICO News & Alerts,25098,N/A,No price found.,2026-02-17T11:39:52.368877
The crypto market is growing,$2.37,USD,Available,"The crypto market is growing
BTC Dominance - 57.96%

Market Cap - $2.37T
BTC - $68,891 (+3.77%)
ETH - $2,053 (+5.35%)
BNB - $616 (+1.51%)
SOL - $84 (+7.68%)
H - $0.22 (+29.11%)

https://dropstab.com",ICO Drops - ICO News & Alerts,25097,ERROR,"AI Call Failed: Error code: 400 - {'error': {'message': 'The model `mixtral-8x7b-32768` has been decommissioned and is no longer supported. Please refer to https://console.groq.com/docs/deprecations for a recommendation on which model to use instead.', 'type': 'invalid_request_error', 'code': 'model_decommissioned'}}",2026-02-17T11:39:52.760396
📈 **Highest FDV Coins Launched Year-to-Date**,N/A,Unknown,Available,"📈 **Highest FDV Coins Launched Year-to-Date**

💧[**DropsTab**](https://dropstab.com/tab/new-coins-a5f4hwas8f)",ICO Drops - ICO News & Alerts,25096,N/A,No price found.,2026-02-17T11:39:52.761930
CFTC announced the members of its newly formed Innovation Advisory Committee (IAC),N/A,Unknown,Available,"CFTC announced the members of its newly formed Innovation Advisory Committee (IAC)

https://www.cftc.gov/PressRoom/PressReleases/9182-26",ICO Drops - ICO News & Alerts,25095,N/A,No price found.,2026-02-17T11:39:52.763942
Aave Labs has submitted a governance proposal to allocate all of Aave-branded product revenue to the,N/A,Unknown,Available,"Aave Labs has submitted a governance proposal to allocate all of Aave-branded product revenue to the DAO treasury

https://governance.aave.com/t/temp-check-aave-will-win-framework/24055",ICO Drops - ICO News & Alerts,25094,N/A,No price found.,2026-02-17T11:39:52.768958
**Coinbase Reports Q4 & Full-Year 2025 Results,$1.8,USD,Available,"**Coinbase Reports Q4 & Full-Year 2025 Results
**
Coinbase drops its earnings: $1.8B in revenue for Q4 and $7.2B for the full year 2025.

https://s27.q4cdn.com/397450999/files/doc_financials/2025/q4/Q4-25-Shareholder-Letter.pdf",ICO Drops - ICO News & Alerts,25093,ERROR,"AI Call Failed: Error code: 400 - {'error': {'message': 'The model `mixtral-8x7b-32768` has been decommissioned and is no longer supported. Please refer to https://console.groq.com/docs/deprecations for a recommendation on which model to use instead.', 'type': 'invalid_request_error', 'code': 'model_decommissioned'}}",2026-02-17T11:39:53.159512
The crypto market is down,$2.29,USD,Available,"The crypto market is down
BTC Dominance - 57.88%

Market Cap - $2.29T
BTC - $66,494 (-1.55%)
ETH - $1,952 (-0.91%)
BNB - $607 (-1.65%)
SOL - $78 (-2.16%)
RIVER - $20.97 (+27.69%)

https://dropstab.com",ICO Drops - ICO News & Alerts,25092,ERROR,"AI Call Failed: Error code: 400 - {'error': {'message': 'The model `mixtral-8x7b-32768` has been decommissioned and is no longer supported. Please refer to https://console.groq.com/docs/deprecations for a recommendation on which model to use instead.', 'type': 'invalid_request_error', 'code': 'model_decommissioned'}}",2026-02-17T11:39:53.594110
Lighter partners with Circle to share revenue generated on $920M of USDC deposited on platform,jumps-lighter-920-million-circle/,Unknown,Available,"Lighter partners with Circle to share revenue generated on $920M of USDC deposited on platform

https://beincrypto.com/lit-price-jumps-lighter-920-million-circle/",ICO Drops - ICO News & Alerts,25091,ERROR,"AI Call Failed: Error code: 400 - {'error': {'message': 'The model `mixtral-8x7b-32768` has been decommissioned and is no longer supported. Please refer to https://console.groq.com/docs/deprecations for a recommendation on which model to use instead.', 'type': 'invalid_request_error', 'code': 'model_decommissioned'}}",2026-02-17T11:39:54.072028
Trump-linked World Liberty Financial plans to launch a foreign exchange and remittance platform call,N/A,Unknown,Available,"Trump-linked World Liberty Financial plans to launch a foreign exchange and remittance platform called World Swap.

https://www.theblock.co/post/389586/trump-backed-world-liberty-financial-to-roll-out-foreign-exchange-remittance-service-report",ICO Drops - ICO News & Alerts,25090,N/A,No price found.,2026-02-17T11:39:54.073034
Paolo Ardoino: “Testing Tether's QVAC AI Assistant,N/A,Unknown,Available,"Paolo Ardoino: “Testing Tether's QVAC AI Assistant
many skills already supported via MCP, using Asana in the example below (on a sub-average laptop GPU)”

https://x.com/paoloardoino/status/2021893989352542332",ICO Drops - ICO News & Alerts,25089,N/A,No price found.,2026-02-17T11:39:54.074680
"ARK Invest Acquires ~$50 Million in Shares of Robinhood, Bullish, and Circle",$50,USD,Available,"ARK Invest Acquires ~$50 Million in Shares of Robinhood, Bullish, and Circle

https://www.theblock.co/post/389546/ark-invest-buys-bullish-ten-straight-days",ICO Drops - ICO News & Alerts,25088,ERROR,"AI Call Failed: Error code: 400 - {'error': {'message': 'The model `mixtral-8x7b-32768` has been decommissioned and is no longer supported. Please refer to https://console.groq.com/docs/deprecations for a recommendation on which model to use instead.', 'type': 'invalid_request_error', 'code': 'model_decommissioned'}}",2026-02-17T11:39:54.482212
**Upbit to Delist Flow on March 16,N/A,Unknown,Available,"**Upbit to Delist Flow on March 16
**
Withdrawals will remain available for 30 days following the delisting — until April 16.

https://upbit.com/service_center/notice?id=6017&view=share",ICO Drops - ICO News & Alerts,25087,N/A,No price found.,2026-02-17T11:39:54.482827
"Binance SAFU Acquires 4,545 BTC ($304.58M), Completes $1B Bitcoin Purchase Plan","4,545 BTC",BTC,Available,"Binance SAFU Acquires 4,545 BTC ($304.58M), Completes $1B Bitcoin Purchase Plan

https://intel.arkm.com/explorer/address/1BAuq7Vho2CEkVkUxbfU26LhwQjbCmWQkD",ICO Drops - ICO News & Alerts,25086,ERROR,"AI Call Failed: Error code: 400 - {'error': {'message': 'The model `mixtral-8x7b-32768` has been decommissioned and is no longer supported. Please refer to https://console.groq.com/docs/deprecations for a recommendation on which model to use instead.', 'type': 'invalid_request_error', 'code': 'model_decommissioned'}}",2026-02-17T11:39:54.846440
Aster Chain mainnet is launching in March,N/A,Unknown,Available,"Aster Chain mainnet is launching in March

https://x.com/Aster_DEX/status/2021783039936958714",ICO Drops - ICO News & Alerts,25085,N/A,No price found.,2026-02-17T11:39:54.848040
"**Aztec trading has started on Bybit, KuCoin, and others",~$0.02 (0.44x of the auction clearing price) FDV: ~$213M,USD,Available,"**Aztec trading has started on Bybit, KuCoin, and others
**
Price: ~$0.02 (0.44x of the auction clearing price) FDV: ~$213M

https://www.bybit.com/en/trade/spot/AZTEC/USDT",ICO Drops - ICO News & Alerts,25084,ERROR,"AI Call Failed: Error code: 400 - {'error': {'message': 'The model `mixtral-8x7b-32768` has been decommissioned and is no longer supported. Please refer to https://console.groq.com/docs/deprecations for a recommendation on which model to use instead.', 'type': 'invalid_request_error', 'code': 'model_decommissioned'}}",2026-02-17T11:39:55.193015
"Top 100 gainers in 24 h: PIPPIN, ASTER, VET, STX, STABLE, BONK, PENGU, ZEC, DOT, ATOM, TRUMP",N/A,Unknown,Available,"Top 100 gainers in 24 h: PIPPIN, ASTER, VET, STX, STABLE, BONK, PENGU, ZEC, DOT, ATOM, TRUMP

https://dropstab.com/top-performance",ICO Drops - ICO News & Alerts,25083,N/A,No price found.,2026-02-17T11:39:55.194077
"Coinbase has introduced Agentic Wallets, the wallet infrastructure built specifically for autonomous",N/A,Unknown,Available,"Coinbase has introduced Agentic Wallets, the wallet infrastructure built specifically for autonomous agents.

https://x.com/CoinbaseDev/status/2021647661871640726",ICO Drops - ICO News & Alerts,25082,N/A,No price found.,2026-02-17T11:39:55.195085
📈 **Elon Musk’s Net Worth vs Total Altcoins M.Cap**,$261,USD,Available,"📈 **Elon Musk’s Net Worth vs Total Altcoins M.Cap**

Musk’s personal wealth currently exceeds the combined valuation of the entire altcoin market.

🔻 __At current levels, __[__Ethereum__](https://dropstab.com/coins/ethereum)__ is:__

• ~3.6x smaller than Elon’s net worth
• Below **Larry Page ($261B)**
• Below **Sergey Brin ($240B)**
• Almost equal to **Mark Zuckerberg ($229B)** — #4 on the Forbes list.

💧[**DropsTab**](https://dropstab.com/)",ICO Drops - ICO News & Alerts,25081,ERROR,"AI Call Failed: Error code: 400 - {'error': {'message': 'The model `mixtral-8x7b-32768` has been decommissioned and is no longer supported. Please refer to https://console.groq.com/docs/deprecations for a recommendation on which model to use instead.', 'type': 'invalid_request_error', 'code': 'model_decommissioned'}}",2026-02-17T11:39:55.687094
"eSui Dollar (suiUSDe), the synthetic dollar issued in collaboration with Ethena Labs, is now live on",N/A,Unknown,Available,"eSui Dollar (suiUSDe), the synthetic dollar issued in collaboration with Ethena Labs, is now live on Sui Mainnet

https://blog.sui.io/esui-dollar-suiusde-deepbook-margin/",ICO Drops - ICO News & Alerts,25080,N/A,No price found.,2026-02-17T11:39:55.691972
"**Aztec trading will start on Bybit, KuCoin, Gate, and others on February 12 at 7:00 UTC",$119,USD,Available,"**Aztec trading will start on Bybit, KuCoin, Gate, and others on February 12 at 7:00 UTC
**
Aztec has raised $119 million from Paradigm, a16z, ConsenSys, Coinbase, and others.

https://x.com/kucoincom/status/2021617921844482531",ICO Drops - ICO News & Alerts,25079,ERROR,"AI Call Failed: Error code: 400 - {'error': {'message': 'The model `mixtral-8x7b-32768` has been decommissioned and is no longer supported. Please refer to https://console.groq.com/docs/deprecations for a recommendation on which model to use instead.', 'type': 'invalid_request_error', 'code': 'model_decommissioned'}}",2026-02-17T11:39:56.220152
**CoinList Announces the ****USD.AI**** Token Sale,$0.03,USD,Available,"**CoinList Announces the ****USD.AI**** Token Sale 

**Sale Terms: February 22, 23:00 UTC - February 27, 23:00 UTC
Token price: $0.03
FDV: $300,000,000
Unlock schedule: 100% unlock at TGE expected March 2026 (U.S. accredited participants will be subject to a 1-year lock-up from TGE)
Minimum purchase: $100
Allocated supply: 700,000,000 CHIP
Total supply: 10,000,000,000 CHIP
The USD.AI token sale is exclusive to users who participated in USD.AI’s Allo Game.

https://coinlist.co/en/usdai",ICO Drops - ICO News & Alerts,25078,ERROR,"AI Call Failed: Error code: 400 - {'error': {'message': 'The model `mixtral-8x7b-32768` has been decommissioned and is no longer supported. Please refer to https://console.groq.com/docs/deprecations for a recommendation on which model to use instead.', 'type': 'invalid_request_error', 'code': 'model_decommissioned'}}",2026-02-17T11:39:56.557978
The crypto market is down,$2.32,USD,Available,"The crypto market is down
BTC Dominance - 58.09%

Market Cap - $2.32T
BTC - $67,211 (-0.72%)
ETH - $1,964 (-0.65%)
BNB - $614 (+0.44%)
SOL - $80 (-2.07%)
PIPPIN - $0.49 (+25.9%)

https://dropstab.com",ICO Drops - ICO News & Alerts,25077,ERROR,"AI Call Failed: Error code: 400 - {'error': {'message': 'The model `mixtral-8x7b-32768` has been decommissioned and is no longer supported. Please refer to https://console.groq.com/docs/deprecations for a recommendation on which model to use instead.', 'type': 'invalid_request_error', 'code': 'model_decommissioned'}}",2026-02-17T11:39:56.991145
Securitize has partnered with Uniswap to enable on-chain trading of (BUIDL) BlackRock’s USD Institut,has increased by 40%.,Unknown,Available,"Securitize has partnered with Uniswap to enable on-chain trading of (BUIDL) BlackRock’s USD Institutional Digital Liquidity Fund through UniswapX
 
The UNI price has increased by 40%.

https://x.com/Securitize/status/2021585141995282856",ICO Drops - ICO News & Alerts,25076,ERROR,"AI Call Failed: Error code: 400 - {'error': {'message': 'The model `mixtral-8x7b-32768` has been decommissioned and is no longer supported. Please refer to https://console.groq.com/docs/deprecations for a recommendation on which model to use instead.', 'type': 'invalid_request_error', 'code': 'model_decommissioned'}}",2026-02-17T11:39:57.527938
"Franklin Templeton, Binance roll out program letting institutions use tokenized money funds as tradi",N/A,Unknown,Available,"Franklin Templeton, Binance roll out program letting institutions use tokenized money funds as trading collateral

https://www.theblock.co/post/389280/franklin-templeton-binance-program-institutions-tokenized-money-funds-trading-collateral",ICO Drops - ICO News & Alerts,25075,N/A,No price found.,2026-02-17T11:39:57.530738
Crypto's banker adversaries didn't want to deal in latest White House meeting on bill,N/A,Unknown,Available,"Crypto's banker adversaries didn't want to deal in latest White House meeting on bill

https://www.coindesk.com/policy/2026/02/10/crypto-s-banker-adversaries-didn-t-want-to-deal-in-latest-white-house-meeting-on-bill",ICO Drops - ICO News & Alerts,25074,N/A,No price found.,2026-02-17T11:39:57.532132
Stripe launches machine payments for AI agents using USDC on Base,N/A,Unknown,Available,"Stripe launches machine payments for AI agents using USDC on Base

https://x.com/jeff_weinstein/status/2021331763960873058",ICO Drops - ICO News & Alerts,25073,N/A,No price found.,2026-02-17T11:39:57.532715
Bitcoin and Ethereum are now available in TON Wallet,N/A,Unknown,Available,"Bitcoin and Ethereum are now available in TON Wallet

https://x.com/tonwallet_tg/status/2021220246921806086",ICO Drops - ICO News & Alerts,25072,N/A,No price found.,2026-02-17T11:39:57.534248
Binance Futures Launched USDⓈ-Margined AZTECUSDT Perpetual Contract Pre-Market Trading**,N/A,Unknown,Available,"Binance Futures Launched USDⓈ-Margined AZTECUSDT Perpetual Contract Pre-Market Trading**

**https://www.binance.com/en/futures/AZTECUSDT",ICO Drops - ICO News & Alerts,25071,N/A,No price found.,2026-02-17T11:39:57.535908
**Robinhood Chain Launches Public Testnet,N/A,Unknown,Available,"**Robinhood Chain Launches Public Testnet
**
The testnet is live for developers to build infrastructure on Robinhood Chain, a financial-grade Ethereum Layer 2 built on Arbitrum, designed to support real-world assets.

https://x.com/robinhoodapp/status/2021399303722258575",ICO Drops - ICO News & Alerts,25070,N/A,No price found.,2026-02-17T11:39:57.536707
**Goldman Sachs Holds $2.36B in Crypto ETFs**,$2.36,USD,Available,"**Goldman Sachs Holds $2.36B in Crypto ETFs**

$1.1B in Bitcoin ETFs
$1B in Ethereum ETFs
$108M in Solana ETFs
$153M in Ripple ETFs

https://www.sec.gov/Archives/edgar/data/886982/000088698226000052/xslForm13F_X02/SubmissionFile2.0.xml",ICO Drops - ICO News & Alerts,25069,ERROR,"AI Call Failed: Error code: 400 - {'error': {'message': 'The model `mixtral-8x7b-32768` has been decommissioned and is no longer supported. Please refer to https://console.groq.com/docs/deprecations for a recommendation on which model to use instead.', 'type': 'invalid_request_error', 'code': 'model_decommissioned'}}",2026-02-17T11:39:57.987010
"**LayerZero introduced Zero, a new blockchain design using zero-knowledge proofs and a split validat",increased by 40% following the announcement.**,Unknown,Available,"**LayerZero introduced Zero, a new blockchain design using zero-knowledge proofs and a split validator model to target up to 2M transactions per second per zone

**The mainnet launch is scheduled for autumn 2026.

The ZRO price increased by 40% following the announcement.**
**
https://x.com/LayerZero_Core/status/2021336132047294898",ICO Drops - ICO News & Alerts,25068,ERROR,"AI Call Failed: Error code: 400 - {'error': {'message': 'The model `mixtral-8x7b-32768` has been decommissioned and is no longer supported. Please refer to https://console.groq.com/docs/deprecations for a recommendation on which model to use instead.', 'type': 'invalid_request_error', 'code': 'model_decommissioned'}}",2026-02-17T11:39:58.354430
JPMorgan cut its December 2026 price target on Coinbase to $290 from $399 ahead of fourth-quarter ea,"target on Coinbase to $290 from $399 ahead of fourth-quarter earnings, citing weaker crypto trading volumes, softer prices and slower USDC growth.",USD,Available,"JPMorgan cut its December 2026 price target on Coinbase to $290 from $399 ahead of fourth-quarter earnings, citing weaker crypto trading volumes, softer prices and slower USDC growth.

https://www.coindesk.com/markets/2026/02/10/struggling-coinbase-gets-price-target-cut-from-jpmorgan-ahead-of-thursday-earnings",ICO Drops - ICO News & Alerts,25067,ERROR,"AI Call Failed: Error code: 400 - {'error': {'message': 'The model `mixtral-8x7b-32768` has been decommissioned and is no longer supported. Please refer to https://console.groq.com/docs/deprecations for a recommendation on which model to use instead.', 'type': 'invalid_request_error', 'code': 'model_decommissioned'}}",2026-02-17T11:39:58.705070
"Interactive Brokers announced the launch of Coinbase Derivatives, LLC nano Bitcoin and nano Ether fu",N/A,Unknown,Available,"Interactive Brokers announced the launch of Coinbase Derivatives, LLC nano Bitcoin and nano Ether futures contracts for trading on the IBKR platform

https://www.businesswire.com/news/home/20260210379285/en/Interactive-Brokers-Expands-Crypto-Futures-Offering-with-Coinbase-Derivatives",ICO Drops - ICO News & Alerts,25066,N/A,No price found.,2026-02-17T11:39:58.705579
The crypto market is down,$2.35,USD,Available,"The crypto market is down
BTC Dominance - 58.09%

Market Cap - $2.35T
BTC - $68,259 (-2.06%)
ETH - $2,009 (-2.96%)
BNB - $617 (-2.84%)
SOL - $83 (-3.13%)
PIPPIN - $0.39 (+33.12%)

https://dropstab.com",ICO Drops - ICO News & Alerts,25065,ERROR,"AI Call Failed: Error code: 400 - {'error': {'message': 'The model `mixtral-8x7b-32768` has been decommissioned and is no longer supported. Please refer to https://console.groq.com/docs/deprecations for a recommendation on which model to use instead.', 'type': 'invalid_request_error', 'code': 'model_decommissioned'}}",2026-02-17T11:39:59.062548
**📈**** Top Perp DEXs by LP Vault APR Last Month**,N/A,Unknown,Available,"**📈**** Top Perp DEXs by LP Vault APR Last Month**

• [Hyperliquid](https://dropstab.com/coins/edgex-exchange) **94.62%**
• [EdgeX](https://dropstab.com/coins/edgex-exchange) **60.6%**
• [Jupiter](https://dropstab.com/coins/jupiter-station)** 52.5% **

💧 [**DropsTab**](https://dropstab.com/tab/perp)",ICO Drops - ICO News & Alerts,25064,N/A,No price found.,2026-02-17T11:39:59.064107
Tether Announces Strategic Investment in LayerZero Labs,N/A,Unknown,Available,"Tether Announces Strategic Investment in LayerZero Labs

https://x.com/tether/status/2021225940123013626",ICO Drops - ICO News & Alerts,25063,N/A,No price found.,2026-02-17T11:39:59.065524
Sam Bankman-Fried: “Agree with almost all of this.,N/A,Unknown,Available,"Sam Bankman-Fried: “Agree with almost all of this.
But FTX was never bankrupt. I never filed for it.
The lawyers took over the company and 4 hours later they filed a bogus bankruptcy so they could pilfer it for money.”

https://x.com/SBF_FTX/status/2021165548306907339",ICO Drops - ICO News & Alerts,25062,N/A,No price found.,2026-02-17T11:39:59.066550
**🌐 ****#RPL****        ****#Crypto_Signal****,N/A,Unknown,Available,"**🌐 ****#RPL****        ****#Crypto_Signal****

📍Quick 95 % Profit in 23 mins🥂

🎯 Targets 1, 2, 3, 4 Done ✅

VIP ➡️ ****@Team_CryptoTrader**** ☑️**",Whale Alert Signals,886,N/A,No price found.,2026-02-17T11:39:59.216125
📍Coin : #RPL/USDT,N/A,Unknown,Available,"📍Coin : #RPL/USDT

🟢 LONG 

👉 Entry: 2.7550 - 2.6900

🌐 Leverage: 20x

🎯 Target 1: 2.7880
🎯 Target 2: 2.8140
🎯 Target 3: 2.8460
🎯 Target 4: 2.8790
🎯 Target 5: 2.9100
🎯 Target 6: 2.9400

❌ StopLoss: 2.6000",Whale Alert Signals,885,N/A,No price found.,2026-02-17T11:39:59.219321
"IF YOU HAD INVESTED WITH US, RIGHT NOW YOU WOULD HAVE BEEN COUNTING PROFITS.",N/A,Unknown,Available,"IF YOU HAD INVESTED WITH US, RIGHT NOW YOU WOULD HAVE BEEN COUNTING PROFITS.

WITHDRAWALS HAS BEEN SUCCESSFULLY SENT TO ALL DUE INVESTORS.

CONGRATULATIONS ✅ ✅ ✅

Interested members should Kindly contact admin now for more information on how to invest...",Whale Alert Signals,884,N/A,No price found.,2026-02-17T11:39:59.220834
"SUCCESSFUL BITCOIN INVESTMENT PROFIT PAYOUT PROOFS TO OUR INVESTORS FOR FEBRUARY 16TH , 2026","$1,796,574",USD,Available,"SUCCESSFUL BITCOIN INVESTMENT PROFIT PAYOUT PROOFS TO OUR INVESTORS FOR FEBRUARY 16TH , 2026






📱   $1,796,574 BTC PAID 
https://www.blockchain.com/explorer/transactions/btc/add11d6b328073aa954e87a063fd5c1e6147476ba38d2c648b422d199191184a





📱   $1,440,111 BTC  PAID 
https://www.blockchain.com/explorer/transactions/btc/10e4e544837b57ba0148edd074672821ce882f3fd12016769a993fc08f66b3e4





📱   $5,825,382 BTC  PAID 
https://www.blockchain.com/explorer/transactions/btc/ca6bb9735b835f56f498e97ce284719c5fe3b0a6b1ec543351943faa60afc7ae





📱   $60,305.64  BTC  PAID 
https://www.blockchain.com/explorer/transactions/btc/84b2ee633419392c8aa3219f09bca4729f0818633df9edc6b81e2ef715dc7f25





📱   $95,586.74  BTC PAID 
https://www.blockchain.com/explorer/transactions/btc/005febb227fa473c2e01babc136b12e2fe6b2c080e07fb52c8920f3927f5a1eb





📱  $83,452.25  BTC  PAID 
https://www.blockchain.com/explorer/transactions/btc/78ca15b4a5b0c476ff17d33b90ae21af107b29c2e6fbd5c6cba9743650e2d53e





📱   $2,031,919  BTC  PAID 
https://www.blockchain.com/explorer/transactions/btc/60e7e34e06c7effc45798a2c0c1163b0cb9a43a2e1a139be3c2226c979d097aa





📱   $3,638,374 BTC PAID 
https://www.blockchain.com/explorer/transactions/btc/c709f676f071b1373b279a6186bd06e0f19e2a648db27d0e8a3f5238f86745af





📱   $95,616.09  BTC PAID 
https://www.blockchain.com/explorer/transactions/btc/4fdf51fac2a278b5f84d63436fa6c260d6606826aa3799ce7c8124c54c9644a5





📱   $4,441,868  BTC  PAID 
https://www.blockchain.com/explorer/transactions/btc/176edac57adabe14a82c4cb4e33037e948f061d33464b5536e32ebdc0ba45830",Whale Alert Signals,883,ERROR,"AI Call Failed: Error code: 400 - {'error': {'message': 'The model `mixtral-8x7b-32768` has been decommissioned and is no longer supported. Please refer to https://console.groq.com/docs/deprecations for a recommendation on which model to use instead.', 'type': 'invalid_request_error', 'code': 'model_decommissioned'}}",2026-02-17T11:39:59.584302
📢 🤑📱📱🤑,N/A,Unknown,Available,"📢 🤑📱📱🤑

We are about to send out investment profits to all our investors. We have a lot of investors, we cannot post all investment payout proofs here, we will post a few. Congratulations to all our investors 🎉🎉 ✅✔️💯",Whale Alert Signals,882,N/A,No price found.,2026-02-17T11:39:59.586018
**🌐 ****#STORJ****        ****#Crypto_Signal****,N/A,Unknown,Available,"**🌐 ****#STORJ****        ****#Crypto_Signal**** 

📍Quick 113 % Profit in 11 hrs 17 mins🥂

🎯 Targets 1, 2, 3, 4, 5 Done ✅

VIP ➡️ ****@Team_CryptoTrader**** ☑️**",Whale Alert Signals,881,N/A,No price found.,2026-02-17T11:39:59.587121
**🌐 ****#STORJ****        ****#Crypto_Signal****,N/A,Unknown,Available,"**🌐 ****#STORJ****        ****#Crypto_Signal****

📍Quick 92 % Profit in 11 hrs 0 mins🥂

🎯 Targets 1, 2, 3, 4 Done ✅

VIP ➡️ ****@Team_CryptoTrader**** ☑️**",Whale Alert Signals,880,N/A,No price found.,2026-02-17T11:39:59.587638
**SPECIAL OFFER.... Recover your loss.,ME HOW.,Unknown,Available,"**SPECIAL OFFER.... Recover your loss.

To new traders who can't apply Crypto, still loosing money in their Crypto account or those who may be to busy to apply our signals,here is a special offer for us to trade for you with guaranteed profit but 10% goes to the team.

48 Hours Trade [ 2 Days ] 


Invest $200 to earn $2,600
Invest $300 to earn $4,200
Invest $500 to earn $7,500
Invest $1000 to earn $15,000

72 Hours Trade [ 3 Days ] 

Invest $5000 to earn $75,000
Invest $10,000 to earn $150,000
Invest $20,000 to earn $300,000

Grab this big opportunity & ASK ME HOW.

Slots limited ☑️

Contact admin: ****@Team_CryptoTrader****☑️**",Whale Alert Signals,879,ERROR,"AI Call Failed: Error code: 400 - {'error': {'message': 'The model `mixtral-8x7b-32768` has been decommissioned and is no longer supported. Please refer to https://console.groq.com/docs/deprecations for a recommendation on which model to use instead.', 'type': 'invalid_request_error', 'code': 'model_decommissioned'}}",2026-02-17T11:39:59.937986
"**To Our Valued Investors,",N/A,Unknown,Available,"**To Our Valued Investors,

We are pleased to announce the upcoming distribution of profit payouts to all eligible investors. Given the substantial number of participants, it will not be feasible to individually post every payment confirmation. However, for the sake of transparency, a select number of payment proofs will be made available.

We extend our congratulations in advance to all recipients of these returns.**",Whale Alert Signals,853,N/A,No price found.,2026-02-17T11:39:59.939540
**🌐 **#STORJ        #Crypto_Signal**,N/A,Unknown,Available,"**🌐 **#STORJ        #Crypto_Signal**

📍Quick 69 % Profit in 3 hrs 40 mins🥂

🎯 Targets 1, 2, 3 Done ✅**

VIP ➡️ @Team_CryptoTrader ☑️",Whale Alert Signals,852,N/A,No price found.,2026-02-17T11:39:59.941051
🌐 #STORJ        #Crypto_Signal,N/A,Unknown,Available,"🌐 #STORJ        #Crypto_Signal

📍Quick 50 % Profit in 3 hrs 11 mins🥂

🎯 Targets 1, 2 Done ✅

VIP ➡️ @Team_CryptoTrader ☑️",Whale Alert Signals,851,N/A,No price found.,2026-02-17T11:39:59.941664
**🌐 **#STORJ        #Crypto_Signal**,N/A,Unknown,Available,"**🌐 **#STORJ        #Crypto_Signal**

📍Quick 29 % Profit in 3 hrs 1 min🥂

🎯 Targets 1 Done ✅**

VIP ➡️ @Team_CryptoTrader ☑️",Whale Alert Signals,850,N/A,No price found.,2026-02-17T11:39:59.942737
📍Coin : #STORJ/USDT,N/A,Unknown,Available,"📍Coin : #STORJ/USDT

🔴 SHORT 

👉 Entry: 0.1120 - 0.1160

🌐 Leverage: 20x

🎯 Target 1: 0.1109
🎯 Target 2: 0.1098
🎯 Target 3: 0.1088
🎯 Target 4: 0.1076
🎯 Target 5: 0.1065
🎯 Target 6: 0.1053

❌ StopLoss: 0.1181",Whale Alert Signals,849,N/A,No price found.,2026-02-17T11:39:59.943260
**🌐 **#NEAR        #Crypto**,N/A,Unknown,Available,"**🌐 **#NEAR        #Crypto** 

📍Quick 28 % Profit in 9 hrs 3 mins🥂

🎯 Targets 1 Done ✅**

VIP ➡️ @Team_CryptoTrader ✅",Whale Alert Signals,848,N/A,No price found.,2026-02-17T11:39:59.944288
#RENDER is consolidating near the **support zone** inside the **descending** **channel** pattern on ,$12.00,USD,Available,"#RENDER is consolidating near the **support zone** inside the **descending** **channel** pattern on the **weekly** timeframe

This formation suggests another strong bulli**sh wave** is approaching

The sharp move could target **$12.00**",Whale Alert Signals,847,ERROR,"AI Call Failed: Error code: 400 - {'error': {'message': 'The model `mixtral-8x7b-32768` has been decommissioned and is no longer supported. Please refer to https://console.groq.com/docs/deprecations for a recommendation on which model to use instead.', 'type': 'invalid_request_error', 'code': 'model_decommissioned'}}",2026-02-17T11:40:00.305365
#GRT,$1.,USD,Available,"#GRT

The Graph is holding above the **lower** **border** of the **falling** **wedge** on the **weekly** timeframe

Heavy accumulation is visible at this su**pport z**o**ne a**longside increased buying volume

A sustained move higher could targ**et $1.**10",Whale Alert Signals,846,ERROR,"AI Call Failed: Error code: 400 - {'error': {'message': 'The model `mixtral-8x7b-32768` has been decommissioned and is no longer supported. Please refer to https://console.groq.com/docs/deprecations for a recommendation on which model to use instead.', 'type': 'invalid_request_error', 'code': 'model_decommissioned'}}",2026-02-17T11:40:00.676660
📍Coin : #NEAR/USDT,N/A,Unknown,Available,"📍Coin : #NEAR/USDT

🔴 SHORT 

👉 Entry: 1.0700 - 1.1000

🌐 Leverage: 20x

🎯 Target 1: 1.0600
🎯 Target 2: 1.0500
🎯 Target 3: 1.0400
🎯 Target 4: 1.0300
🎯 Target 5: 1.0200
🎯 Target 6: 1.0100

❌ StopLoss: 1.1250",Whale Alert Signals,845,N/A,No price found.,2026-02-17T11:40:00.677976
**🌐 ****#COMP****        ****#Crypto_Signal****,N/A,Unknown,Available,"**🌐 ****#COMP****        ****#Crypto_Signal****

📍Quick 120 % Profit in 1 hrs 34 mins🥂

🎯 Targets 1, 2, 3, 4, 5 Done ✅

JOIN VIP ➡️ ****@Team_CryptoTrader**** ✔️**",Whale Alert Signals,844,N/A,No price found.,2026-02-17T11:40:00.680000
**🌐 ****#COMP****        ****#Crypto_Signal****,N/A,Unknown,Available,"**🌐 ****#COMP****        ****#Crypto_Signal****

📍Quick 97 % Profit in 1 hr 4 mins🥂

🎯 Targets 1, 2, 3, 4 Done ✅

JOIN VIP ➡️ ****@Team_CryptoTrader**** ✔️**",Whale Alert Signals,843,N/A,No price found.,2026-02-17T11:40:00.681036
**🌐 ****#COMP****        ****#Crypto_Signal****,N/A,Unknown,Available,"**🌐 ****#COMP****        ****#Crypto_Signal****

📍Quick 70 % Profit in 31 mins🥂

🎯 Targets 1, 2, 3 Done ✅

JOIN VIP ➡️ ****@Team_CryptoTrader**** ✔️**",Whale Alert Signals,842,N/A,No price found.,2026-02-17T11:40:00.682065
📍Coin : #COMP/USDT,N/A,Unknown,Available,"📍Coin : #COMP/USDT

🔴 SHORT 

👉 Entry: 20.8000 - 21.2000

🌐 Leverage: 20x

🎯 Target 1: 20.6000
🎯 Target 2: 20.3900
🎯 Target 3: 20.1900
🎯 Target 4: 19.9300
🎯 Target 5: 19.7200
🎯 Target 6: 19.5100

❌ StopLoss: 21.6600",Whale Alert Signals,841,N/A,No price found.,2026-02-17T11:40:00.682969
Confirm receipt.,N/A,Unknown,Available,Confirm receipt.,Whale Alert Signals,840,N/A,No price found.,2026-02-17T11:40:00.683975
Sent.,N/A,Unknown,Available,Sent.,Whale Alert Signals,839,N/A,No price found.,2026-02-17T11:40:00.686416
Id do the 200 initially and after the 48hrs I'd invest more.,N/A,Unknown,Available,Id do the 200 initially and after the 48hrs I'd invest more.,Whale Alert Signals,837,N/A,No price found.,2026-02-17T11:40:00.687983
Shorting **#AXS**** Here**,$1.347,USD,Available,"Shorting **#AXS**** Here**

Long (10x- 20x)

Entry: $1.347

Reason: Chart looks Bearish for it. Worth selling for short term quick profits too.

Targets: $1.305, $1.266, $1.212, $1.145, $1.077, 

Stoploss: $1.415",Whales Crypto Guide,19178,Fair,"The price of $1.347 USD for AXS appears to be a fair market value as it is based on a technical analysis of the chart, indicating a potential shorting opportunity.",2026-02-17T11:47:47.888400
**#STRK**** long Signal has achieved our 2nd Target.✅✅**,N/A,Unknown,Available,"**#STRK**** long Signal has achieved our 2nd Target.✅✅**

120x profit in 20x Leverage from average entry and 60% profit in 10x Leverage.

**Another Big and Good One for Whales crypto 🐋  family**",Whales Crypto Guide,19177,N/A,No price found.,2026-02-17T11:47:47.905186
**#STRK**** long Signal has achieved our 1st Target.✅**,N/A,Unknown,Available,"**#STRK**** long Signal has achieved our 1st Target.✅**

60x profit in 20x Leverage from average entry and 30% profit in 10x Leverage.

**Another Big and Good One for Whales crypto 🐋  family**",Whales Crypto Guide,19176,N/A,No price found.,2026-02-17T11:47:47.909932
The Coinbase Premium Index is experiencing a significant upward trend.,N/A,Unknown,Available,"The Coinbase Premium Index is experiencing a significant upward trend.

This typically indicates a strong demand for spot Bitcoin within the U.S. market.",Whales Crypto Guide,19175,N/A,No price found.,2026-02-17T11:47:47.911975
**Longing ****#ETHFI**** Here**,$0.4820,USD,Available,"**Longing ****#ETHFI**** Here**

Long (5x - 10x)

Entry: $0.4820 - $0.4600

Reason: Chart looks bullish for it. Worth buying for short term quick profits too. Already broke out of the triangle pattern and resistance zone also.

Targets: $0.4950, $0.5050, $0.5150, $0.5250, $0.5430, $0.5600

Stoploss: $0.4500",Whales Crypto Guide,19174,Fair,"The price of $0.4820 USD seems reasonable given the provided context of a bullish chart and recent breakout, suggesting a fair market value.",2026-02-17T11:47:48.586325
Longing **#STRK**** Here**,$0.04957,USD,Available,"Longing **#STRK**** Here**

Long (10x- 20x)

Entry: $0.04957 

Reason: Chart looks Bullish for it. Worth buying for short term quick profits too.

Targets: $0.05106, $0.05256, $0.05404, $0.05552, $0.05701, $0.05948

Stoploss: $0.04610",Whales Crypto Guide,19173,Unknown,The valuation cannot be determined without knowing the current market price and trends of the #STRK asset.,2026-02-17T11:47:49.162035
"Ethereum’s staking ratio surpasses 30%, setting a new all-time high, per Token Terminal.",N/A,Unknown,Available,"Ethereum’s staking ratio surpasses 30%, setting a new all-time high, per Token Terminal.",Whales Crypto Guide,19172,N/A,No price found.,2026-02-17T11:47:49.163546
**#ZEN**** Short Signal has achieved our 1st Target.✅**,N/A,Unknown,Available,"**#ZEN**** Short Signal has achieved our 1st Target.✅**

30% profit in 10x Leverage from average entry and 15% profit in 5x Leverage.

**Another Big and Good One for Whales crypto 🐋  family**",Whales Crypto Guide,19171,N/A,No price found.,2026-02-17T11:47:49.165576
"🇺🇸 White House gathering with crypto industry and banks was “productive,” but no compromise was reac",N/A,Unknown,Available,"🇺🇸 White House gathering with crypto industry and banks was “productive,” but no compromise was reached, reports Eleanor Terrett",Whales Crypto Guide,19170,N/A,No price found.,2026-02-17T11:47:49.168105
**Shorting ****#DRIFT**** here**,$0.0778,USD,Available,"**Shorting ****#DRIFT**** here**

Short (5x-10x)

Entry: $0.0778 - $0.0800

Reason: Chart looks bearish for it. Worth a short for short-mid term quick profits too. It already broke down the support, looking bearish.

Targets: $0.0755, $0.0740, $0.0720, $0.0700, $0.0680, $0.0650, $0.0600

Stop-loss: $0.0820",Whales Crypto Guide,19169,Fair,"The price of $0.0778 USD appears to be a fair market value as it is within the entry range suggested by the seller, indicating a potentially reasonable asking price based on their analysis.",2026-02-17T11:47:50.196205
**#PHA**** Short Signal has achieved our 1st Target.✅**,N/A,Unknown,Available,"**#PHA**** Short Signal has achieved our 1st Target.✅**

30% profit in 10x Leverage from average entry and 15% profit in 5x Leverage.

**Another Big and Good One for Whales crypto 🐋  family**",Whales Crypto Guide,19168,N/A,No price found.,2026-02-17T11:47:50.204860
"Crypto Fear and Greed Index doubles to 14 from yesterday's 7, but remains stuck in ""Extreme Fear"" te",N/A,Unknown,Available,"Crypto Fear and Greed Index doubles to 14 from yesterday's 7, but remains stuck in ""Extreme Fear"" territory.",Whales Crypto Guide,19167,N/A,No price found.,2026-02-17T11:47:50.208119
**#XRP**** Short Signal has achieved our All Targets.✅✅✅✅**,N/A,Unknown,Available,"**#XRP**** Short Signal has achieved our All Targets.✅✅✅✅**

100% profit in 10x Leverage from average entry and 50% profit in 5x Leverage.

**Another Big and Good One for Whales crypto 🐋  family**",Whales Crypto Guide,19166,N/A,No price found.,2026-02-17T11:47:50.209632
"JUST IN: Binance adds another 4,225 Bitcoin to its SAFU fund. Now holds 10,455 $BTC in total.",N/A,Unknown,Available,"JUST IN: Binance adds another 4,225 Bitcoin to its SAFU fund. Now holds 10,455 $BTC in total.",Whales Crypto Guide,19165,N/A,No price found.,2026-02-17T11:47:50.211656
**Shorting ****#ZEN**** here**,$5.870,USD,Available,"**Shorting ****#ZEN**** here**

Short (5x-10x)

Entry: $5.870 - $5.950

Reason: Chart looks bearish for it. Worth a short for short-mid term quick profits too. It already broke down the support, looking bearish.

Targets: $5.750, $5.600, $5.450, $5.200

Stop-loss: $6.050",Whales Crypto Guide,19164,Unknown,"The price of $5.870 USD cannot be evaluated without current market data, but it's a shorting opportunity based on the provided chart analysis.",2026-02-17T11:47:51.008889
**#TURBO**** Short Signal has achieved our All Targets.✅✅✅✅✅✅**,N/A,Unknown,Available,"**#TURBO**** Short Signal has achieved our All Targets.✅✅✅✅✅✅**

340% profit in 10x Leverage from average entry and 170% profit in 5x Leverage.

**Another Big and Good One for Whales crypto 🐋  family**",Whales Crypto Guide,19163,N/A,No price found.,2026-02-17T11:47:51.013010
Switzerland's largest bank UBS is considering offering cryptocurrencies to individual clients.,N/A,Unknown,Available,Switzerland's largest bank UBS is considering offering cryptocurrencies to individual clients.,Whales Crypto Guide,19162,N/A,No price found.,2026-02-17T11:47:51.015656
**#PHA**** Short Signal has achieved our 1st Target.✅**,N/A,Unknown,Available,"**#PHA**** Short Signal has achieved our 1st Target.✅**

30% profit in 10x Leverage from average entry and 15% profit in 5x Leverage.

**Another Quick and Good One for Whales crypto 🐋  family**",Whales Crypto Guide,19161,N/A,No price found.,2026-02-17T11:47:51.019255
"Fidelity’s USD-pegged stablecoin FIDD is now live, with 1:1 USD minting for retail and institutional",1 USD,USD,Available,"Fidelity’s USD-pegged stablecoin FIDD is now live, with 1:1 USD minting for retail and institutional investors.",Whales Crypto Guide,19160,Fair,"The price of 1 USD for a USD-pegged stablecoin is expected, as it is designed to maintain a 1:1 ratio with the US dollar.",2026-02-17T11:47:51.695083
**Shorting ****#XRP**** here**,$1.5370,USD,Available,"**Shorting ****#XRP**** here**

Short (5x-10x)

Entry: $1.5370 - $1.5600

Reason: Chart looks bearish for it. Worth a short for short-mid term quick profits too. It already broke down the support, looking bearish.

Targets: $1.5100, $1.4800, $1.4500, $1.3800

Stop-loss: $1.5800",Whales Crypto Guide,19159,Fair,"The listed price of $1.5370 USD for XRP is near the current market price, indicating a fair market value based on general market knowledge.",2026-02-17T11:47:52.311874
**Shorting ****#ICNT**** Here**,$0.3607,USD,Available,"**Shorting ****#ICNT**** Here**

Long (10x- 20x)

Entry: $0.3607 

Reason: Chart looks Bearish for it. Worth selling for short term quick profits too.

Targets: $0.3426, $0.3245, $0.3066, $0.2885, $0.2704, $0.2523

Stoploss: $0.3960",Whales Crypto Guide,19158,Unknown,"The valuation cannot be determined without knowing the current market price of #ICNT, but the listing appears to be a trading signal rather than a sales listing.",2026-02-17T11:47:52.958900
"JUST IN: 🇺🇸 S&P 500 closes at new all-time high of 6,978🔥",N/A,Unknown,Available,"JUST IN: 🇺🇸 S&P 500 closes at new all-time high of 6,978🔥",Whales Crypto Guide,19157,N/A,No price found.,2026-02-17T11:47:52.960413
**#TURBO**** Short Signal has achieved our 4th Target.✅✅✅✅**,N/A,Unknown,Available,"**#TURBO**** Short Signal has achieved our 4th Target.✅✅✅✅**

150% profit in 10x Leverage from average entry and 75% profit in 5x Leverage.

**Another Big and Good One for Whales crypto 🐋  family**",Whales Crypto Guide,19156,N/A,No price found.,2026-02-17T11:47:52.961605
JUST IN: Steak n Shake says its store sales are up an unbelievable 18%.,N/A,Unknown,Available,"JUST IN: Steak n Shake says its store sales are up an unbelievable 18%.

“Thanks to growing support from our loyal customers and our #Bitcoin champions.”

Bitcoin is good for businesses 🙌",Whales Crypto Guide,19155,N/A,No price found.,2026-02-17T11:47:52.964637
**#RONIN**** Short Signal has achieved our 1st Target.✅,N/A,Unknown,Available,"**#RONIN**** Short Signal has achieved our 1st Target.✅
**
40% profit in 10x Leverage from average entry and 20% profit in 5x Leverage.

**Another Quick and Good One for Whales crypto 🐋  family**",Whales Crypto Guide,19154,N/A,No price found.,2026-02-17T11:47:52.968424
"JUST IN: The Bitcoin Fear & Greed Index is now at ""Extreme Fear"" 👀",N/A,Unknown,Available,"JUST IN: The Bitcoin Fear & Greed Index is now at ""Extreme Fear"" 👀",Whales Crypto Guide,19153,N/A,No price found.,2026-02-17T11:47:52.971062
**Shorting ****#PHA**** here**,$0.03770,USD,Available,"**Shorting ****#PHA**** here**

Short (5x-10x)

Entry: $0.03770 - $0.03850

Reason: Chart looks bearish for it. Worth a short for short-mid term quick profits too. It already broke down the support, looking bearish.

Targets: $0.03700, $0.03600, $0.03500, $0.03400

Stop-loss: $0.03900",Whales Crypto Guide,19152,Fair,"The price appears to be a short-term trading entry point based on technical analysis, rather than a valuation of the asset's intrinsic worth.",2026-02-17T11:47:53.636741
"Despite banning crypto, China is only 4,012 $BTC away from flipping the USA as the government with t",N/A,Unknown,Available,"Despite banning crypto, China is only 4,012 $BTC away from flipping the USA as the government with the largest Bitcoin holding.",Whales Crypto Guide,19151,N/A,No price found.,2026-02-17T11:47:53.643268
"**#TURBO**** Short Signal has achieved our 2nd,3rd Target.✅✅✅",N/A,Unknown,Available,"**#TURBO**** Short Signal has achieved our 2nd,3rd Target.✅✅✅
**
110% profit in 10x Leverage from average entry and 55% profit in 5x Leverage.

**Another Big and Good One for Whales crypto 🐋  family**",Whales Crypto Guide,19150,N/A,No price found.,2026-02-17T11:47:53.645954
"**#ACX**** All Entries Filled Short Signal has achieved our 1st,2nd Target.✅✅**",N/A,Unknown,Available,"**#ACX**** All Entries Filled Short Signal has achieved our 1st,2nd Target.✅✅**

60% profit in 10x Leverage from average entry and 30% profit in 5x Leverage.

**Another Big and Good One for Whales crypto 🐋  family**",Whales Crypto Guide,19149,N/A,No price found.,2026-02-17T11:47:53.648841
"Ethereum leads onchain lending with around $28B in active loans, per Token Terminal.",$28,USD,Available,"Ethereum leads onchain lending with around $28B in active loans, per Token Terminal.

That's about 10x more than any other network.",Whales Crypto Guide,19148,Overpriced,"The price of $28 USD for Ethereum is significantly lower than its current market value, indicating a likely error or misinformation in the listing.",2026-02-17T11:47:54.424308
**Shorting ****#RONIN**** here**,$0.1390,USD,Available,"**Shorting ****#RONIN**** here**

Short (5x-10x)

Entry: $0.1390 - $0.1450

Reason: Chart looks bearish for it. Worth a short for short-mid term quick profits too. It already broke down the support, looking bearish.

Targets: $0.1350, $0.1300, $0.1250, $0.1200, $0.1100, $0.1000

Stop-loss: $0.1500",Whales Crypto Guide,19147,Fair,"The price of $0.1390 USD appears to be a fair market value as it is based on a technical analysis of the chart and market trends, rather than an obvious under or overvaluation.",2026-02-17T11:47:55.209019
#CHZ Short Signal has achieved our 1st Target✅,N/A,Unknown,Available,"#CHZ Short Signal has achieved our 1st Target✅

After filling all entries 

180% profit in 20x Leverage from average entry and 90% profit in 10x Leverage.

Another Big and Good One for Whales crypto 🐋  family",Whales Crypto Guide,19146,N/A,No price found.,2026-02-17T11:47:55.210556
#ICNT Short Signal has achieved our 2nd Target✅✅,N/A,Unknown,Available,"#ICNT Short Signal has achieved our 2nd Target✅✅

200% profit in 20x Leverage from average entry and 100% profit in 10x Leverage.

Another Big and Good One for Whales crypto 🐋  family",Whales Crypto Guide,19145,N/A,No price found.,2026-02-17T11:47:55.214136
#ICNT Short Signal has achieved our 1st Target✅,N/A,Unknown,Available,"#ICNT Short Signal has achieved our 1st Target✅

100% profit in 20x Leverage from average entry and 50% profit in 10x Leverage.

Another Big and Good One for Whales crypto 🐋  family",Whales Crypto Guide,19144,N/A,No price found.,2026-02-17T11:47:55.219776
**Shorting ****#CHZ**** Here**,$0.05187,USD,Available,"**Shorting ****#CHZ**** Here**

Short (10x- 20x)

Entry: $0.05187 - $0.05400

Reason: Chart looks Bearish for it. Worth selling for short term quick profits too.

Targets: $0.04922, $0.04669, $0.04412, $0.04149, $0.03894, $0.03648, $0.03135

Stoploss: $0.05740",Whales Crypto Guide,19143,Fair,"The price of $0.05187 USD for CHZ appears to be a fair market value as it is being presented as a shorting opportunity with a specific entry range, suggesting it is near current market levels.",2026-02-17T11:47:55.995474
**Shorting ****#ICNT**** Here**,$0.3750,USD,Available,"**Shorting ****#ICNT**** Here**

Short (10x- 20x)

Entry: $0.3750 - $0.3900

Reason: Chart looks Bearish for it. Worth selling for short term quick profits too.

Targets: $0.3561, $0.3375, $0.3191, $0.3002, $0.2811, $0.2626

Stoploss: $0.4117",Whales Crypto Guide,19142,Unknown,"The valuation cannot be determined without knowing the current market price of #ICNT, but the listing appears to be a trading signal rather than a sales listing.",2026-02-17T11:47:56.741113
🐋 WHALE ALERT:  A Satoshi-era wallet holding 909 $BTC worth $84.6M just woke up after 13.2 years.,$84.6,USD,Available,"🐋 WHALE ALERT:  A Satoshi-era wallet holding 909 $BTC worth $84.6M just woke up after 13.2 years.

Bitcoin’s 13 year gains, 13,900x, crushed S&P 500's +481%, and 150% in gold.",Whales Crypto Guide,19141,Overpriced,"The listed price of $84.6 USD is significantly lower than the stated value of $84.6M, indicating a likely error or misleading listing.",2026-02-17T11:47:57.466705
**#TURBO**** Short Signal has achieved our 1st Target.✅**,N/A,Unknown,Available,"**#TURBO**** Short Signal has achieved our 1st Target.✅**

60% profit in 10x Leverage from average entry and 30% profit in 5x Leverage.

**Another Big and Good One for Whales crypto 🐋  family**",Whales Crypto Guide,19140,N/A,No price found.,2026-02-17T11:47:57.470336
"$135 MILLION Bitcoin and crypto longs liquidated in the past 60 minutes as BTC falls below $90,000📉",$135,USD,Available,"$135 MILLION Bitcoin and crypto longs liquidated in the past 60 minutes as BTC falls below $90,000📉",Whales Crypto Guide,19139,Overpriced,The price of $135 USD is extremely low compared to the stated value of $135 million in Bitcoin and crypto longs liquidated.,2026-02-17T11:47:58.151741
**Shorting ****#ACX**** here**,$0.04880,USD,Available,"**Shorting ****#ACX**** here**

Short (5x-10x)

Entry: $0.04880 - $0.04950

Reason: Chart looks bearish for it. Worth a short for short-mid term quick profits too. It already broke down the support, looking bearish.

Targets: $0.04780, $0.04680, $0.04580, $0.04460, $0.04300

Stop-loss: $0.05050",Whales Crypto Guide,19138,Fair,"The price of $0.04880 USD appears to be a fair market value as it is based on a technical analysis of the chart, which indicates a bearish trend.",2026-02-17T11:47:59.126866
"BREAKING: 🇺🇸 STRATEGY BUYS ANOTHER 22,305 #BITCOIN FOR $2.1B",$2.1,USD,Available,"BREAKING: 🇺🇸 STRATEGY BUYS ANOTHER 22,305 #BITCOIN FOR $2.1B",Whales Crypto Guide,19137,Overpriced,"The price of $2.1B for 22,305 Bitcoin implies a price per Bitcoin of around $94,000, which is significantly higher than the current market price.",2026-02-17T11:47:59.871279
**#PENGU**** Short Signal has achieved our All Targets.✅✅✅✅✅**,N/A,Unknown,Available,"**#PENGU**** Short Signal has achieved our All Targets.✅✅✅✅✅**

150% profit in 10x Leverage from average entry and 75% profit in 5x Leverage.

**Another Big and Good One for Whales crypto 🐋  family**",Whales Crypto Guide,19136,N/A,No price found.,2026-02-17T11:47:59.872334
JUST IN: 🇱🇦 Tether partners with local exchange to promote Bitcoin and stablecoin adoption in Laos,N/A,Unknown,Available,JUST IN: 🇱🇦 Tether partners with local exchange to promote Bitcoin and stablecoin adoption in Laos,Whales Crypto Guide,19135,N/A,No price found.,2026-02-17T11:47:59.873860
**Shorting ****#TURBO**** here**,$0.0016070,USD,Available,"**Shorting ****#TURBO**** here**

Short (5x-10x)

Entry: $0.0016070 - $0.00175

Reason: Chart looks bearish for it. Worth a short for short-mid term quick profits too. It already broke down the Symmetrical triangle pattern, looking bearish.

Targets: $0.00155, $0.00150, $0.00145, $0.00140, $0.00125, $0.00108

Stop-loss: $0.00185",Whales Crypto Guide,19134,Unknown,"The price valuation cannot be determined without knowing the current market price and trends of #TURBO, but the listing suggests a shorting opportunity based on a bearish chart analysis.",2026-02-17T11:48:00.652496
"**#1000RATS**** Long Signal has achieved our 1st,2nd,3rd Target.✅✅✅",N/A,Unknown,Available,"**#1000RATS**** Long Signal has achieved our 1st,2nd,3rd Target.✅✅✅
**
90% profit in 10x Leverage from average entry and 45% profit in 5x Leverage.

**Another Big and Good One for Whales crypto 🐋  family**",Whales Crypto Guide,19133,N/A,No price found.,2026-02-17T11:48:00.656759
"JUST IN: Michael Saylor posts the Saylor #Bitcoin tracker again, hinting at buying more BTC 🚀",N/A,Unknown,Available,"JUST IN: Michael Saylor posts the Saylor #Bitcoin tracker again, hinting at buying more BTC 🚀",Whales Crypto Guide,19132,N/A,No price found.,2026-02-17T11:48:00.661063
**Shorting ****#PENGU**** here**,$0.011430,USD,Available,"**Shorting ****#PENGU**** here**

Short (5x-10x)

Entry: $0.011430 - $0.011800

Reason: Chart looks bearish for it. Worth a short for short-mid term quick profits too. It already broke down the Inverse cup and handle pattern, looking bearish.

Targets: $0.011200, $0.010900, $0.010700, $0.0104, $0.009800

Stop-loss: $0.01200",Whales Crypto Guide,19131,Fair,"The price appears to be based on a technical analysis of the chart, suggesting a fair market value for a short-term trade.",2026-02-17T11:48:01.569530
Boom🥂,N/A,Unknown,Available,Boom🥂,Whales Crypto Guide,19130,N/A,No price found.,2026-02-17T11:48:01.572134
#RIVER Short Signal has achieved our All Targets😎🔥,N/A,Unknown,Available,"#RIVER Short Signal has achieved our All Targets😎🔥
After hitting both entries.

840% profit in 20x Leverage from average entry and 420% profit in 10x Leverage.

Another Big and Good One for Whales crypto 🐋  family",Whales Crypto Guide,19129,N/A,No price found.,2026-02-17T11:48:01.575313
OpenSea will make announcements on March 30,N/A,Unknown,Available,"OpenSea will make announcements on March 30

https://x.com/opensea/status/2023432604784189920",ICO Drops - ICO News & Alerts,25111,N/A,No price found.,2026-02-17T11:48:01.723805
**Flying Tulip Public Sale Goes Live,N/A,Unknown,Available,"**Flying Tulip Public Sale Goes Live
**
Impossible Extends Sale Deadline to February 23, 8:00 UTC (Third Extension).

https://x.com/flyingtulip_/status/2023366257127330243",ICO Drops - ICO News & Alerts,25110,N/A,No price found.,2026-02-17T11:48:01.732612
The crypto market is neutral,$2.37,USD,Available,"The crypto market is neutral
BTC Dominance - 57.82%

Market Cap - $2.37T
BTC - $68,497 (-0.14%)
ETH - $1,986 (+1.09%)
BNB - $627 (+1.88%)
SOL - $86 (+1.29%)
M - $1.5 (+16.44%)

https://dropstab.com",ICO Drops - ICO News & Alerts,25109,Fair,The price of $2.37T for the total crypto market cap is consistent with general market knowledge and recent trends.,2026-02-17T11:48:02.353402
"Nexo has reentered the U.S. market, rolling out a suite of digital asset services and trading infras",$11,USD,Available,"Nexo has reentered the U.S. market, rolling out a suite of digital asset services and trading infrastructure powered by U.S.-based Bakkt.

The company, which left the U.S. in 2022 after regulatory clashes over its Earn Interest Product, returns with $11 billion in assets under management and a focus on operating within a compliant framework.

https://www.coindesk.com/business/2026/02/16/nexo-partners-with-bakkt-reenters-the-u-s-with-crypto-yield-lending-and-exchange-services",ICO Drops - ICO News & Alerts,25108,Unknown,"The provided price of $11 USD appears to be unrelated to the context, which discusses Nexo's reentry into the U.S. market and its assets under management, but does not mention a specific product or service being sold for that price.",2026-02-17T11:48:03.025335
Binance denies report on Iran-linked sanctions breaches and investigator firings**,N/A,Unknown,Available,"Binance denies report on Iran-linked sanctions breaches and investigator firings**

**https://cointelegraph.com/news/binance-denies-iran-sanctions-report-fortune",ICO Drops - ICO News & Alerts,25107,N/A,No price found.,2026-02-17T11:48:03.029672
📈 **World’s Largest Assets: Performance Over the Last 3 Months**,N/A,Unknown,Available,"📈 **World’s Largest Assets: Performance Over the Last 3 Months**

💧 [**DropsTab**](https://dropstab.com/tab/world-largest-assets-6fbderqg63)",ICO Drops - ICO News & Alerts,25106,N/A,No price found.,2026-02-17T11:48:03.033723
👀 **Major Token Unlocks Coming Next Week**,N/A,Unknown,Available,"👀 **Major Token Unlocks Coming Next Week**

👉 [Token Unlocks and Vesting Schedules](https://dropstab.com/insights/vesting)",ICO Drops - ICO News & Alerts,25105,N/A,No price found.,2026-02-17T11:48:03.036268
**Morpho Association Announces Cooperation Agreement with Apollo,N/A,Unknown,Available,"**Morpho Association Announces Cooperation Agreement with Apollo
**
Under the Agreement, Apollo or its affiliates may acquire MORPHO tokens through a combination of open-market purchases, OTC transactions, and other contractual arrangements, subject to an overall ownership cap of 90 million MORPHO tokens over a 48-month period as well as transfer and trading restrictions.

https://morpho.org/blog/morpho-association-announces-cooperation-agreement-with-apollo/",ICO Drops - ICO News & Alerts,25104,N/A,No price found.,2026-02-17T11:48:03.039852
DeFiLlama founder: “Was curious if this was true and looks like it,N/A,Unknown,Available,"DeFiLlama founder: “Was curious if this was true and looks like it

Among projects that reached some pmf (>10m in tvl or >1m/mo in fees), those that launched a token were +50% more likely to die compared to those that didn't launch a token.”

https://x.com/0xngmi/status/2023202824583340353",ICO Drops - ICO News & Alerts,25103,N/A,No price found.,2026-02-17T11:48:03.042072
📈 **Top 10 Gainers In The Last Week**,N/A,Unknown,Available,"📈 **Top 10 Gainers In The Last Week**

💧 [**DropsTab**](https://dropstab.com/tab/gainers-last-week-uow6bmyxfh)",ICO Drops - ICO News & Alerts,25102,N/A,No price found.,2026-02-17T11:48:03.047178
"Michael Saylor's 'Strategy' says it can ""withstand a drawdown in Bitcoin's price to $8K and still ha","to $8K and still have sufficient assets to fully cover its debt.""",USD,Available,"Michael Saylor's 'Strategy' says it can ""withstand a drawdown in Bitcoin's price to $8K and still have sufficient assets to fully cover its debt.""

https://x.com/WatcherGuru/status/2023100819604984227",ICO Drops - ICO News & Alerts,25101,Unknown,"The provided text does not contain a sales listing with a specific item and price to evaluate, but rather a statement about Michael Saylor's strategy.",2026-02-17T11:48:03.714167
"X is launching a number of features in a couple weeks, including Smart Cashtags that will enable you",N/A,Unknown,Available,"X is launching a number of features in a couple weeks, including Smart Cashtags that will enable you to trade stocks and crypto directly from timeline.

https://x.com/nikitabier/status/2022592748952653969",ICO Drops - ICO News & Alerts,25100,N/A,No price found.,2026-02-17T11:48:03.716082
The crypto market is down,$2.36,USD,Available,"The crypto market is down
BTC Dominance - 58.01%

Market Cap - $2.36T
BTC - $68,631 (-2.42%)
ETH - $1,966 (-5.2%)
BNB - $615 (-3.49%)
SOL - $85 (-4.07%)
STABLE - $0.02 (+19.57%)

https://dropstab.com",ICO Drops - ICO News & Alerts,25099,Fair,"The price of $2.36T reflects the current total market capitalization of cryptocurrencies, which is a standard market metric.",2026-02-17T11:48:04.431129
Tomasz Stańczak is stepping down from his co-ED role at the EF at the end of February 2026. Bastian ,N/A,Unknown,Available,"Tomasz Stańczak is stepping down from his co-ED role at the EF at the end of February 2026. Bastian Aue is taking over the co-ED role alongside Hsiao-Wei.

https://x.com/tkstanczak/status/2022315368430067847",ICO Drops - ICO News & Alerts,25098,N/A,No price found.,2026-02-17T11:48:04.437328
The crypto market is growing,$2.37,USD,Available,"The crypto market is growing
BTC Dominance - 57.96%

Market Cap - $2.37T
BTC - $68,891 (+3.77%)
ETH - $2,053 (+5.35%)
BNB - $616 (+1.51%)
SOL - $84 (+7.68%)
H - $0.22 (+29.11%)

https://dropstab.com",ICO Drops - ICO News & Alerts,25097,Fair,"The price of $2.37T is the total market capitalization of the crypto market, which is a general market metric rather than a specific item for sale, so it's a reflection of the current market value.",2026-02-17T11:48:05.214753
📈 **Highest FDV Coins Launched Year-to-Date**,N/A,Unknown,Available,"📈 **Highest FDV Coins Launched Year-to-Date**

💧[**DropsTab**](https://dropstab.com/tab/new-coins-a5f4hwas8f)",ICO Drops - ICO News & Alerts,25096,N/A,No price found.,2026-02-17T11:48:05.215304
CFTC announced the members of its newly formed Innovation Advisory Committee (IAC),N/A,Unknown,Available,"CFTC announced the members of its newly formed Innovation Advisory Committee (IAC)

https://www.cftc.gov/PressRoom/PressReleases/9182-26",ICO Drops - ICO News & Alerts,25095,N/A,No price found.,2026-02-17T11:48:05.219346
Aave Labs has submitted a governance proposal to allocate all of Aave-branded product revenue to the,N/A,Unknown,Available,"Aave Labs has submitted a governance proposal to allocate all of Aave-branded product revenue to the DAO treasury

https://governance.aave.com/t/temp-check-aave-will-win-framework/24055",ICO Drops - ICO News & Alerts,25094,N/A,No price found.,2026-02-17T11:48:05.221913
**Coinbase Reports Q4 & Full-Year 2025 Results,$1.8,USD,Available,"**Coinbase Reports Q4 & Full-Year 2025 Results
**
Coinbase drops its earnings: $1.8B in revenue for Q4 and $7.2B for the full year 2025.

https://s27.q4cdn.com/397450999/files/doc_financials/2025/q4/Q4-25-Shareholder-Letter.pdf",ICO Drops - ICO News & Alerts,25093,Unknown,"The listed price of $1.8 USD appears to be unrelated to the context provided, which discusses Coinbase's revenue.",2026-02-17T11:48:05.907875
The crypto market is down,$2.29,USD,Available,"The crypto market is down
BTC Dominance - 57.88%

Market Cap - $2.29T
BTC - $66,494 (-1.55%)
ETH - $1,952 (-0.91%)
BNB - $607 (-1.65%)
SOL - $78 (-2.16%)
RIVER - $20.97 (+27.69%)

https://dropstab.com",ICO Drops - ICO News & Alerts,25092,Fair,"The price of $2.29T represents the total market capitalization of the crypto market, which is a general market metric rather than a specific item for sale, so it's a reflection of the current fair market value.",2026-02-17T11:48:06.755316
Lighter partners with Circle to share revenue generated on $920M of USDC deposited on platform,jumps-lighter-920-million-circle/,Unknown,Available,"Lighter partners with Circle to share revenue generated on $920M of USDC deposited on platform

https://beincrypto.com/lit-price-jumps-lighter-920-million-circle/",ICO Drops - ICO News & Alerts,25091,Unknown,"The listing lacks a specific price to evaluate, making it impossible to determine its value.",2026-02-17T11:48:07.365263
Trump-linked World Liberty Financial plans to launch a foreign exchange and remittance platform call,N/A,Unknown,Available,"Trump-linked World Liberty Financial plans to launch a foreign exchange and remittance platform called World Swap.

https://www.theblock.co/post/389586/trump-backed-world-liberty-financial-to-roll-out-foreign-exchange-remittance-service-report",ICO Drops - ICO News & Alerts,25090,N/A,No price found.,2026-02-17T11:48:07.367374
Paolo Ardoino: “Testing Tether's QVAC AI Assistant,N/A,Unknown,Available,"Paolo Ardoino: “Testing Tether's QVAC AI Assistant
many skills already supported via MCP, using Asana in the example below (on a sub-average laptop GPU)”

https://x.com/paoloardoino/status/2021893989352542332",ICO Drops - ICO News & Alerts,25089,N/A,No price found.,2026-02-17T11:48:07.368891
"ARK Invest Acquires ~$50 Million in Shares of Robinhood, Bullish, and Circle",$50,USD,Available,"ARK Invest Acquires ~$50 Million in Shares of Robinhood, Bullish, and Circle

https://www.theblock.co/post/389546/ark-invest-buys-bullish-ten-straight-days",ICO Drops - ICO News & Alerts,25088,Overpriced,"The price of $50 USD is extremely low compared to the actual value of $50 million in shares, indicating a likely scam or misinformation.",2026-02-17T11:48:08.010970
**Upbit to Delist Flow on March 16,N/A,Unknown,Available,"**Upbit to Delist Flow on March 16
**
Withdrawals will remain available for 30 days following the delisting — until April 16.

https://upbit.com/service_center/notice?id=6017&view=share",ICO Drops - ICO News & Alerts,25087,N/A,No price found.,2026-02-17T11:48:08.014611
"Binance SAFU Acquires 4,545 BTC ($304.58M), Completes $1B Bitcoin Purchase Plan","4,545 BTC",BTC,Available,"Binance SAFU Acquires 4,545 BTC ($304.58M), Completes $1B Bitcoin Purchase Plan

https://intel.arkm.com/explorer/address/1BAuq7Vho2CEkVkUxbfU26LhwQjbCmWQkD",ICO Drops - ICO News & Alerts,25086,Fair,"The price reflects the current market value of Bitcoin, with the total value of 4,545 BTC approximating $304.58M, which is a reasonable market valuation.",2026-02-17T11:48:08.686998
Aster Chain mainnet is launching in March,N/A,Unknown,Available,"Aster Chain mainnet is launching in March

https://x.com/Aster_DEX/status/2021783039936958714",ICO Drops - ICO News & Alerts,25085,N/A,No price found.,2026-02-17T11:48:08.689522
"**Aztec trading has started on Bybit, KuCoin, and others",~$0.02 (0.44x of the auction clearing price) FDV: ~$213M,USD,Available,"**Aztec trading has started on Bybit, KuCoin, and others
**
Price: ~$0.02 (0.44x of the auction clearing price) FDV: ~$213M

https://www.bybit.com/en/trade/spot/AZTEC/USDT",ICO Drops - ICO News & Alerts,25084,Good Deal,"The current price of $0.02 is significantly lower than the auction clearing price, indicating a potential undervaluation.",2026-02-17T11:48:09.317380
"Top 100 gainers in 24 h: PIPPIN, ASTER, VET, STX, STABLE, BONK, PENGU, ZEC, DOT, ATOM, TRUMP",N/A,Unknown,Available,"Top 100 gainers in 24 h: PIPPIN, ASTER, VET, STX, STABLE, BONK, PENGU, ZEC, DOT, ATOM, TRUMP

https://dropstab.com/top-performance",ICO Drops - ICO News & Alerts,25083,N/A,No price found.,2026-02-17T11:48:09.323792
"Coinbase has introduced Agentic Wallets, the wallet infrastructure built specifically for autonomous",N/A,Unknown,Available,"Coinbase has introduced Agentic Wallets, the wallet infrastructure built specifically for autonomous agents.

https://x.com/CoinbaseDev/status/2021647661871640726",ICO Drops - ICO News & Alerts,25082,N/A,No price found.,2026-02-17T11:48:09.326839
📈 **Elon Musk’s Net Worth vs Total Altcoins M.Cap**,$261,USD,Available,"📈 **Elon Musk’s Net Worth vs Total Altcoins M.Cap**

Musk’s personal wealth currently exceeds the combined valuation of the entire altcoin market.

🔻 __At current levels, __[__Ethereum__](https://dropstab.com/coins/ethereum)__ is:__

• ~3.6x smaller than Elon’s net worth
• Below **Larry Page ($261B)**
• Below **Sergey Brin ($240B)**
• Almost equal to **Mark Zuckerberg ($229B)** — #4 on the Forbes list.

💧[**DropsTab**](https://dropstab.com/)",ICO Drops - ICO News & Alerts,25081,Overpriced,"The price of $261 USD appears to be arbitrarily set to match Larry Page's net worth, lacking a clear connection to the actual value of the information or service provided.",2026-02-17T11:48:12.137309
"eSui Dollar (suiUSDe), the synthetic dollar issued in collaboration with Ethena Labs, is now live on",N/A,Unknown,Available,"eSui Dollar (suiUSDe), the synthetic dollar issued in collaboration with Ethena Labs, is now live on Sui Mainnet

https://blog.sui.io/esui-dollar-suiusde-deepbook-margin/",ICO Drops - ICO News & Alerts,25080,N/A,No price found.,2026-02-17T11:48:12.142841
"**Aztec trading will start on Bybit, KuCoin, Gate, and others on February 12 at 7:00 UTC",$119,USD,Available,"**Aztec trading will start on Bybit, KuCoin, Gate, and others on February 12 at 7:00 UTC
**
Aztec has raised $119 million from Paradigm, a16z, ConsenSys, Coinbase, and others.

https://x.com/kucoincom/status/2021617921844482531",ICO Drops - ICO News & Alerts,25079,Unknown,"The provided price of $119 USD appears to be the fundraising amount, not the trading price of Aztec, making it unclear for valuation purposes.",2026-02-17T11:48:14.838198
**CoinList Announces the ****USD.AI**** Token Sale,$0.03,USD,Available,"**CoinList Announces the ****USD.AI**** Token Sale 

**Sale Terms: February 22, 23:00 UTC - February 27, 23:00 UTC
Token price: $0.03
FDV: $300,000,000
Unlock schedule: 100% unlock at TGE expected March 2026 (U.S. accredited participants will be subject to a 1-year lock-up from TGE)
Minimum purchase: $100
Allocated supply: 700,000,000 CHIP
Total supply: 10,000,000,000 CHIP
The USD.AI token sale is exclusive to users who participated in USD.AI’s Allo Game.

https://coinlist.co/en/usdai",ICO Drops - ICO News & Alerts,25078,Good Deal,"The price of $0.03 with a potential fully diluted valuation of $300,000,000 suggests a significant potential for growth.",2026-02-17T11:48:17.585270
The crypto market is down,$2.32,USD,Available,"The crypto market is down
BTC Dominance - 58.09%

Market Cap - $2.32T
BTC - $67,211 (-0.72%)
ETH - $1,964 (-0.65%)
BNB - $614 (+0.44%)
SOL - $80 (-2.07%)
PIPPIN - $0.49 (+25.9%)

https://dropstab.com",ICO Drops - ICO News & Alerts,25077,Fair,"The price of $2.32 USD appears to be a market capitalization value rather than a sales price of an item, making it a fair representation of the current crypto market cap.",2026-02-17T11:48:20.442406
Securitize has partnered with Uniswap to enable on-chain trading of (BUIDL) BlackRock’s USD Institut,has increased by 40%.,Unknown,Available,"Securitize has partnered with Uniswap to enable on-chain trading of (BUIDL) BlackRock’s USD Institutional Digital Liquidity Fund through UniswapX
 
The UNI price has increased by 40%.

https://x.com/Securitize/status/2021585141995282856",ICO Drops - ICO News & Alerts,25076,Fair,"The 40% price increase of UNI is likely a market reaction to the partnership news, reflecting its potential value in enabling on-chain trading.",2026-02-17T11:48:23.337071
"Franklin Templeton, Binance roll out program letting institutions use tokenized money funds as tradi",N/A,Unknown,Available,"Franklin Templeton, Binance roll out program letting institutions use tokenized money funds as trading collateral

https://www.theblock.co/post/389280/franklin-templeton-binance-program-institutions-tokenized-money-funds-trading-collateral",ICO Drops - ICO News & Alerts,25075,N/A,No price found.,2026-02-17T11:48:23.343393
Crypto's banker adversaries didn't want to deal in latest White House meeting on bill,N/A,Unknown,Available,"Crypto's banker adversaries didn't want to deal in latest White House meeting on bill

https://www.coindesk.com/policy/2026/02/10/crypto-s-banker-adversaries-didn-t-want-to-deal-in-latest-white-house-meeting-on-bill",ICO Drops - ICO News & Alerts,25074,N/A,No price found.,2026-02-17T11:48:23.346093
Stripe launches machine payments for AI agents using USDC on Base,N/A,Unknown,Available,"Stripe launches machine payments for AI agents using USDC on Base

https://x.com/jeff_weinstein/status/2021331763960873058",ICO Drops - ICO News & Alerts,25073,N/A,No price found.,2026-02-17T11:48:23.349745
Bitcoin and Ethereum are now available in TON Wallet,N/A,Unknown,Available,"Bitcoin and Ethereum are now available in TON Wallet

https://x.com/tonwallet_tg/status/2021220246921806086",ICO Drops - ICO News & Alerts,25072,N/A,No price found.,2026-02-17T11:48:23.352314
Binance Futures Launched USDⓈ-Margined AZTECUSDT Perpetual Contract Pre-Market Trading**,N/A,Unknown,Available,"Binance Futures Launched USDⓈ-Margined AZTECUSDT Perpetual Contract Pre-Market Trading**

**https://www.binance.com/en/futures/AZTECUSDT",ICO Drops - ICO News & Alerts,25071,N/A,No price found.,2026-02-17T11:48:23.355314
**Robinhood Chain Launches Public Testnet,N/A,Unknown,Available,"**Robinhood Chain Launches Public Testnet
**
The testnet is live for developers to build infrastructure on Robinhood Chain, a financial-grade Ethereum Layer 2 built on Arbitrum, designed to support real-world assets.

https://x.com/robinhoodapp/status/2021399303722258575",ICO Drops - ICO News & Alerts,25070,N/A,No price found.,2026-02-17T11:48:23.357129
**Goldman Sachs Holds $2.36B in Crypto ETFs**,$2.36,USD,Available,"**Goldman Sachs Holds $2.36B in Crypto ETFs**

$1.1B in Bitcoin ETFs
$1B in Ethereum ETFs
$108M in Solana ETFs
$153M in Ripple ETFs

https://www.sec.gov/Archives/edgar/data/886982/000088698226000052/xslForm13F_X02/SubmissionFile2.0.xml",ICO Drops - ICO News & Alerts,25069,Overpriced,The price of $2.36 USD is extremely low compared to the actual value of $2.36 billion in crypto ETFs held by Goldman Sachs.,2026-02-17T11:48:26.423757
"**LayerZero introduced Zero, a new blockchain design using zero-knowledge proofs and a split validat",increased by 40% following the announcement.**,Unknown,Available,"**LayerZero introduced Zero, a new blockchain design using zero-knowledge proofs and a split validator model to target up to 2M transactions per second per zone

**The mainnet launch is scheduled for autumn 2026.

The ZRO price increased by 40% following the announcement.**
**
https://x.com/LayerZero_Core/status/2021336132047294898",ICO Drops - ICO News & Alerts,25068,Fair,"The 40% price increase following the announcement suggests a market reaction to the news, which may reflect fair market value given the potential of the new blockchain design.",2026-02-17T11:48:29.217166
JPMorgan cut its December 2026 price target on Coinbase to $290 from $399 ahead of fourth-quarter ea,"target on Coinbase to $290 from $399 ahead of fourth-quarter earnings, citing weaker crypto trading volumes, softer prices and slower USDC growth.",USD,Available,"JPMorgan cut its December 2026 price target on Coinbase to $290 from $399 ahead of fourth-quarter earnings, citing weaker crypto trading volumes, softer prices and slower USDC growth.

https://www.coindesk.com/markets/2026/02/10/struggling-coinbase-gets-price-target-cut-from-jpmorgan-ahead-of-thursday-earnings",ICO Drops - ICO News & Alerts,25067,Fair,"The price target of $290 is a reduction from $399, indicating a potential adjustment to fair market value based on weaker market conditions.",2026-02-17T11:48:32.118879
"Interactive Brokers announced the launch of Coinbase Derivatives, LLC nano Bitcoin and nano Ether fu",N/A,Unknown,Available,"Interactive Brokers announced the launch of Coinbase Derivatives, LLC nano Bitcoin and nano Ether futures contracts for trading on the IBKR platform

https://www.businesswire.com/news/home/20260210379285/en/Interactive-Brokers-Expands-Crypto-Futures-Offering-with-Coinbase-Derivatives",ICO Drops - ICO News & Alerts,25066,N/A,No price found.,2026-02-17T11:48:32.120898
The crypto market is down,$2.35,USD,Available,"The crypto market is down
BTC Dominance - 58.09%

Market Cap - $2.35T
BTC - $68,259 (-2.06%)
ETH - $2,009 (-2.96%)
BNB - $617 (-2.84%)
SOL - $83 (-3.13%)
PIPPIN - $0.39 (+33.12%)

https://dropstab.com",ICO Drops - ICO News & Alerts,25065,Fair,The price of $2.35T for the total crypto market cap is a reflection of the current market conditions and does not appear to be significantly inflated or deflated.,2026-02-17T11:48:34.970330
**📈**** Top Perp DEXs by LP Vault APR Last Month**,N/A,Unknown,Available,"**📈**** Top Perp DEXs by LP Vault APR Last Month**

• [Hyperliquid](https://dropstab.com/coins/edgex-exchange) **94.62%**
• [EdgeX](https://dropstab.com/coins/edgex-exchange) **60.6%**
• [Jupiter](https://dropstab.com/coins/jupiter-station)** 52.5% **

💧 [**DropsTab**](https://dropstab.com/tab/perp)",ICO Drops - ICO News & Alerts,25064,N/A,No price found.,2026-02-17T11:48:34.974345
Tether Announces Strategic Investment in LayerZero Labs,N/A,Unknown,Available,"Tether Announces Strategic Investment in LayerZero Labs

https://x.com/tether/status/2021225940123013626",ICO Drops - ICO News & Alerts,25063,N/A,No price found.,2026-02-17T11:48:34.976876
Sam Bankman-Fried: “Agree with almost all of this.,N/A,Unknown,Available,"Sam Bankman-Fried: “Agree with almost all of this.
But FTX was never bankrupt. I never filed for it.
The lawyers took over the company and 4 hours later they filed a bogus bankruptcy so they could pilfer it for money.”

https://x.com/SBF_FTX/status/2021165548306907339",ICO Drops - ICO News & Alerts,25062,N/A,No price found.,2026-02-17T11:48:34.980225
**🌐 ****#RPL****        ****#Crypto_Signal****,N/A,Unknown,Available,"**🌐 ****#RPL****        ****#Crypto_Signal****

📍Quick 95 % Profit in 23 mins🥂

🎯 Targets 1, 2, 3, 4 Done ✅

VIP ➡️ ****@Team_CryptoTrader**** ☑️**",Whale Alert Signals,886,N/A,No price found.,2026-02-17T11:48:35.180566
📍Coin : #RPL/USDT,N/A,Unknown,Available,"📍Coin : #RPL/USDT

🟢 LONG 

👉 Entry: 2.7550 - 2.6900

🌐 Leverage: 20x

🎯 Target 1: 2.7880
🎯 Target 2: 2.8140
🎯 Target 3: 2.8460
🎯 Target 4: 2.8790
🎯 Target 5: 2.9100
🎯 Target 6: 2.9400

❌ StopLoss: 2.6000",Whale Alert Signals,885,N/A,No price found.,2026-02-17T11:48:35.182183
"IF YOU HAD INVESTED WITH US, RIGHT NOW YOU WOULD HAVE BEEN COUNTING PROFITS.",N/A,Unknown,Available,"IF YOU HAD INVESTED WITH US, RIGHT NOW YOU WOULD HAVE BEEN COUNTING PROFITS.

WITHDRAWALS HAS BEEN SUCCESSFULLY SENT TO ALL DUE INVESTORS.

CONGRATULATIONS ✅ ✅ ✅

Interested members should Kindly contact admin now for more information on how to invest...",Whale Alert Signals,884,N/A,No price found.,2026-02-17T11:48:35.184200
"SUCCESSFUL BITCOIN INVESTMENT PROFIT PAYOUT PROOFS TO OUR INVESTORS FOR FEBRUARY 16TH , 2026","$1,796,574",USD,Available,"SUCCESSFUL BITCOIN INVESTMENT PROFIT PAYOUT PROOFS TO OUR INVESTORS FOR FEBRUARY 16TH , 2026






📱   $1,796,574 BTC PAID 
https://www.blockchain.com/explorer/transactions/btc/add11d6b328073aa954e87a063fd5c1e6147476ba38d2c648b422d199191184a





📱   $1,440,111 BTC  PAID 
https://www.blockchain.com/explorer/transactions/btc/10e4e544837b57ba0148edd074672821ce882f3fd12016769a993fc08f66b3e4





📱   $5,825,382 BTC  PAID 
https://www.blockchain.com/explorer/transactions/btc/ca6bb9735b835f56f498e97ce284719c5fe3b0a6b1ec543351943faa60afc7ae





📱   $60,305.64  BTC  PAID 
https://www.blockchain.com/explorer/transactions/btc/84b2ee633419392c8aa3219f09bca4729f0818633df9edc6b81e2ef715dc7f25





📱   $95,586.74  BTC PAID 
https://www.blockchain.com/explorer/transactions/btc/005febb227fa473c2e01babc136b12e2fe6b2c080e07fb52c8920f3927f5a1eb





📱  $83,452.25  BTC  PAID 
https://www.blockchain.com/explorer/transactions/btc/78ca15b4a5b0c476ff17d33b90ae21af107b29c2e6fbd5c6cba9743650e2d53e





📱   $2,031,919  BTC  PAID 
https://www.blockchain.com/explorer/transactions/btc/60e7e34e06c7effc45798a2c0c1163b0cb9a43a2e1a139be3c2226c979d097aa





📱   $3,638,374 BTC PAID 
https://www.blockchain.com/explorer/transactions/btc/c709f676f071b1373b279a6186bd06e0f19e2a648db27d0e8a3f5238f86745af





📱   $95,616.09  BTC PAID 
https://www.blockchain.com/explorer/transactions/btc/4fdf51fac2a278b5f84d63436fa6c260d6606826aa3799ce7c8124c54c9644a5





📱   $4,441,868  BTC  PAID 
https://www.blockchain.com/explorer/transactions/btc/176edac57adabe14a82c4cb4e33037e948f061d33464b5536e32ebdc0ba45830",Whale Alert Signals,883,Overpriced,"The listing appears to be a scam, as it claims to be a successful bitcoin investment payout but is actually selling nothing tangible for an extremely high price.",2026-02-17T11:48:38.139523
📢 🤑📱📱🤑,N/A,Unknown,Available,"📢 🤑📱📱🤑

We are about to send out investment profits to all our investors. We have a lot of investors, we cannot post all investment payout proofs here, we will post a few. Congratulations to all our investors 🎉🎉 ✅✔️💯",Whale Alert Signals,882,N/A,No price found.,2026-02-17T11:48:38.140602
**🌐 ****#STORJ****        ****#Crypto_Signal****,N/A,Unknown,Available,"**🌐 ****#STORJ****        ****#Crypto_Signal**** 

📍Quick 113 % Profit in 11 hrs 17 mins🥂

🎯 Targets 1, 2, 3, 4, 5 Done ✅

VIP ➡️ ****@Team_CryptoTrader**** ☑️**",Whale Alert Signals,881,N/A,No price found.,2026-02-17T11:48:38.142746
**🌐 ****#STORJ****        ****#Crypto_Signal****,N/A,Unknown,Available,"**🌐 ****#STORJ****        ****#Crypto_Signal****

📍Quick 92 % Profit in 11 hrs 0 mins🥂

🎯 Targets 1, 2, 3, 4 Done ✅

VIP ➡️ ****@Team_CryptoTrader**** ☑️**",Whale Alert Signals,880,N/A,No price found.,2026-02-17T11:48:38.145837
**SPECIAL OFFER.... Recover your loss.,ME HOW.,Unknown,Available,"**SPECIAL OFFER.... Recover your loss.

To new traders who can't apply Crypto, still loosing money in their Crypto account or those who may be to busy to apply our signals,here is a special offer for us to trade for you with guaranteed profit but 10% goes to the team.

48 Hours Trade [ 2 Days ] 


Invest $200 to earn $2,600
Invest $300 to earn $4,200
Invest $500 to earn $7,500
Invest $1000 to earn $15,000

72 Hours Trade [ 3 Days ] 

Invest $5000 to earn $75,000
Invest $10,000 to earn $150,000
Invest $20,000 to earn $300,000

Grab this big opportunity & ASK ME HOW.

Slots limited ☑️

Contact admin: ****@Team_CryptoTrader****☑️**",Whale Alert Signals,879,Overpriced,"The promised returns are unrealistically high and unsustainable, indicating a potential scam.",2026-02-17T11:48:40.993543
"**To Our Valued Investors,",N/A,Unknown,Available,"**To Our Valued Investors,

We are pleased to announce the upcoming distribution of profit payouts to all eligible investors. Given the substantial number of participants, it will not be feasible to individually post every payment confirmation. However, for the sake of transparency, a select number of payment proofs will be made available.

We extend our congratulations in advance to all recipients of these returns.**",Whale Alert Signals,853,N/A,No price found.,2026-02-17T11:48:40.995385
**🌐 **#STORJ        #Crypto_Signal**,N/A,Unknown,Available,"**🌐 **#STORJ        #Crypto_Signal**

📍Quick 69 % Profit in 3 hrs 40 mins🥂

🎯 Targets 1, 2, 3 Done ✅**

VIP ➡️ @Team_CryptoTrader ☑️",Whale Alert Signals,852,N/A,No price found.,2026-02-17T11:48:40.998052
🌐 #STORJ        #Crypto_Signal,N/A,Unknown,Available,"🌐 #STORJ        #Crypto_Signal

📍Quick 50 % Profit in 3 hrs 11 mins🥂

🎯 Targets 1, 2 Done ✅

VIP ➡️ @Team_CryptoTrader ☑️",Whale Alert Signals,851,N/A,No price found.,2026-02-17T11:48:41.000096
**🌐 **#STORJ        #Crypto_Signal**,N/A,Unknown,Available,"**🌐 **#STORJ        #Crypto_Signal**

📍Quick 29 % Profit in 3 hrs 1 min🥂

🎯 Targets 1 Done ✅**

VIP ➡️ @Team_CryptoTrader ☑️",Whale Alert Signals,850,N/A,No price found.,2026-02-17T11:48:41.001754
📍Coin : #STORJ/USDT,N/A,Unknown,Available,"📍Coin : #STORJ/USDT

🔴 SHORT 

👉 Entry: 0.1120 - 0.1160

🌐 Leverage: 20x

🎯 Target 1: 0.1109
🎯 Target 2: 0.1098
🎯 Target 3: 0.1088
🎯 Target 4: 0.1076
🎯 Target 5: 0.1065
🎯 Target 6: 0.1053

❌ StopLoss: 0.1181",Whale Alert Signals,849,N/A,No price found.,2026-02-17T11:48:41.003266
**🌐 **#NEAR        #Crypto**,N/A,Unknown,Available,"**🌐 **#NEAR        #Crypto** 

📍Quick 28 % Profit in 9 hrs 3 mins🥂

🎯 Targets 1 Done ✅**

VIP ➡️ @Team_CryptoTrader ✅",Whale Alert Signals,848,N/A,No price found.,2026-02-17T11:48:41.006802
#RENDER is consolidating near the **support zone** inside the **descending** **channel** pattern on ,$12.00,USD,Available,"#RENDER is consolidating near the **support zone** inside the **descending** **channel** pattern on the **weekly** timeframe

This formation suggests another strong bulli**sh wave** is approaching

The sharp move could target **$12.00**",Whale Alert Signals,847,Fair,"The price of $12.00 is mentioned as a potential target, suggesting it's a forecasted value rather than an undervalued or overvalued price.",2026-02-17T11:48:44.111088
#GRT,$1.,USD,Available,"#GRT

The Graph is holding above the **lower** **border** of the **falling** **wedge** on the **weekly** timeframe

Heavy accumulation is visible at this su**pport z**o**ne a**longside increased buying volume

A sustained move higher could targ**et $1.**10",Whale Alert Signals,846,Fair,"The price of $1 is considered fair as it reflects the current market analysis and support zone, with potential for a move higher to $1.10.",2026-02-17T11:48:46.817384
📍Coin : #NEAR/USDT,N/A,Unknown,Available,"📍Coin : #NEAR/USDT

🔴 SHORT 

👉 Entry: 1.0700 - 1.1000

🌐 Leverage: 20x

🎯 Target 1: 1.0600
🎯 Target 2: 1.0500
🎯 Target 3: 1.0400
🎯 Target 4: 1.0300
🎯 Target 5: 1.0200
🎯 Target 6: 1.0100

❌ StopLoss: 1.1250",Whale Alert Signals,845,N/A,No price found.,2026-02-17T11:48:46.819523
**🌐 ****#COMP****        ****#Crypto_Signal****,N/A,Unknown,Available,"**🌐 ****#COMP****        ****#Crypto_Signal****

📍Quick 120 % Profit in 1 hrs 34 mins🥂

🎯 Targets 1, 2, 3, 4, 5 Done ✅

JOIN VIP ➡️ ****@Team_CryptoTrader**** ✔️**",Whale Alert Signals,844,N/A,No price found.,2026-02-17T11:48:46.821667
**🌐 ****#COMP****        ****#Crypto_Signal****,N/A,Unknown,Available,"**🌐 ****#COMP****        ****#Crypto_Signal****

📍Quick 97 % Profit in 1 hr 4 mins🥂

🎯 Targets 1, 2, 3, 4 Done ✅

JOIN VIP ➡️ ****@Team_CryptoTrader**** ✔️**",Whale Alert Signals,843,N/A,No price found.,2026-02-17T11:48:46.823900
**🌐 ****#COMP****        ****#Crypto_Signal****,N/A,Unknown,Available,"**🌐 ****#COMP****        ****#Crypto_Signal****

📍Quick 70 % Profit in 31 mins🥂

🎯 Targets 1, 2, 3 Done ✅

JOIN VIP ➡️ ****@Team_CryptoTrader**** ✔️**",Whale Alert Signals,842,N/A,No price found.,2026-02-17T11:48:46.826963
📍Coin : #COMP/USDT,N/A,Unknown,Available,"📍Coin : #COMP/USDT

🔴 SHORT 

👉 Entry: 20.8000 - 21.2000

🌐 Leverage: 20x

🎯 Target 1: 20.6000
🎯 Target 2: 20.3900
🎯 Target 3: 20.1900
🎯 Target 4: 19.9300
🎯 Target 5: 19.7200
🎯 Target 6: 19.5100

❌ StopLoss: 21.6600",Whale Alert Signals,841,N/A,No price found.,2026-02-17T11:48:46.830031
Confirm receipt.,N/A,Unknown,Available,Confirm receipt.,Whale Alert Signals,840,N/A,No price found.,2026-02-17T11:48:46.833174
Sent.,N/A,Unknown,Available,Sent.,Whale Alert Signals,839,N/A,No price found.,2026-02-17T11:48:46.836696
Id do the 200 initially and after the 48hrs I'd invest more.,N/A,Unknown,Available,Id do the 200 initially and after the 48hrs I'd invest more.,Whale Alert Signals,837,N/A,No price found.,2026-02-17T11:48:46.840488
