item_name,price_raw,currency,status,raw_text,channel,message_id,scraped_at
[SOLD] MacBook Air M2,2,Unknown,Sold,"[SOLD] MacBook Air M2
50",Job Board,4811,2026-02-15T10:26:39.409297
[SOLD] MacBook Air M2,N/A,Unknown,Sold,"[SOLD] MacBook Air M2
$850",Crypto Signals,3404,2026-02-15T10:26:42.809836
Sewa RDP Windows 8GB RAM,8,Unknown,Available,"Sewa RDP Windows 8GB RAM
Harga: 50k / bulan",Job Board,3704,2026-02-15T10:26:43.575126
WTS iPhone 14 Pro Max 256GB,$999 (Verified),USD,Available,"WTS iPhone 14 Pro Max 256GB
Price: $999 (Verified)
Condition: Mint
DM me",Marketplace 1,5907,2026-02-15T10:26:46.781328
Sewa RDP Windows 8GB RAM,8,Unknown,Available,"Sewa RDP Windows 8GB RAM
Harga: 50k / bulan",Marketplace 1,9192,2026-02-15T10:26:47.090019
Sewa RDP Windows 8GB RAM,8,Unknown,Available,"Sewa RDP Windows 8GB RAM
Harga: 50k / bulan",Job Board,4795,2026-02-15T10:26:49.654016
Looking for Python dev,: 00,Unknown,Available,"Looking for Python dev
Budget: 00
Contact: @user123",Crypto Signals,6358,2026-02-15T10:26:51.860586
Jual Akun Google Cloud,Rp 150.000,IDR,Available,"Jual Akun Google Cloud
Rp 150.000 via Dana/OVO",Job Board,3504,2026-02-15T10:26:56.868131
Selling 100 USDT for PayPal F&F,100 USD,USD,Available,"Selling 100 USDT for PayPal F&F
Rate 1:1",Crypto Signals,7930,2026-02-15T10:27:00.604484
Looking for Python dev,: 00,Unknown,Available,"Looking for Python dev
Budget: 00
Contact: @user123",Job Board,3101,2026-02-15T10:27:04.954466
Jual Akun Google Cloud,Rp 150.000,IDR,Available,"Jual Akun Google Cloud
Rp 150.000 via Dana/OVO",Job Board,6705,2026-02-15T10:27:07.565994
Selling 100 USDT for PayPal F&F,100 USD,USD,Available,"Selling 100 USDT for PayPal F&F
Rate 1:1",Crypto Signals,4239,2026-02-15T10:27:09.934965
Jual Akun Google Cloud,Rp 150.000,IDR,Available,"Jual Akun Google Cloud
Rp 150.000 via Dana/OVO",Marketplace 1,4673,2026-02-15T10:27:13.515941
Looking for Python dev,: 00,Unknown,Available,"Looking for Python dev
Budget: 00
Contact: @user123",Crypto Signals,7779,2026-02-15T10:27:16.000976
Jual Akun Google Cloud,Rp 150.000,IDR,Available,"Jual Akun Google Cloud
Rp 150.000 via Dana/OVO",Crypto Signals,3716,2026-02-15T10:27:18.768343
WTS iPhone 14 Pro Max 256GB,14,Unknown,Available,"WTS iPhone 14 Pro Max 256GB
Price: 00
Condition: Mint
DM me",Job Board,5875,2026-02-15T10:27:23.098078
[SOLD] MacBook Air M2,2,Unknown,Sold,"[SOLD] MacBook Air M2
50",Job Board,5692,2026-02-15T10:27:25.563004
Jual Akun Google Cloud,Rp 150.000,IDR,Available,"Jual Akun Google Cloud
Rp 150.000 via Dana/OVO",Job Board,1759,2026-02-15T10:27:29.512375
Sewa RDP Windows 8GB RAM,8,Unknown,Available,"Sewa RDP Windows 8GB RAM
Harga: 50k / bulan",Marketplace 1,4342,2026-02-15T10:27:33.938103
Looking for Python dev,: 00,Unknown,Available,"Looking for Python dev
Budget: 00
Contact: @user123",Crypto Signals,4506,2026-02-15T10:27:37.376245
Looking for Python dev,: 00,Unknown,Available,"Looking for Python dev
Budget: 00
Contact: @user123",Crypto Signals,9720,2026-02-15T10:27:41.450014
Looking for Python dev,: 00,Unknown,Available,"Looking for Python dev
Budget: 00
Contact: @user123",Crypto Signals,6641,2026-02-15T10:27:44.911856
Looking for Python dev,: 00,Unknown,Available,"Looking for Python dev
Budget: 00
Contact: @user123",Marketplace 1,3928,2026-02-15T10:27:47.844303
WTS iPhone 14 Pro Max 256GB,14,Unknown,Available,"WTS iPhone 14 Pro Max 256GB
Price: 00
Condition: Mint
DM me",Marketplace 1,8630,2026-02-15T10:27:49.933025
Jual Akun Google Cloud,Rp 150.000,IDR,Available,"Jual Akun Google Cloud
Rp 150.000 via Dana/OVO",Marketplace 1,1990,2026-02-15T10:27:54.462006
Jual Akun Google Cloud,Rp 150.000,IDR,Available,"Jual Akun Google Cloud
Rp 150.000 via Dana/OVO",Crypto Signals,2326,2026-02-15T10:27:56.796861
WTS iPhone 14 Pro Max 256GB,14,Unknown,Available,"WTS iPhone 14 Pro Max 256GB
Price: 00
Condition: Mint
DM me",Job Board,7533,2026-02-15T10:27:59.974558
Jual Akun Google Cloud,Rp 150.000,IDR,Available,"Jual Akun Google Cloud
Rp 150.000 via Dana/OVO",Crypto Signals,6190,2026-02-15T10:28:02.534546
Looking for Python dev,: 00,Unknown,Available,"Looking for Python dev
Budget: 00
Contact: @user123",Job Board,1840,2026-02-15T10:28:06.926417
WTS iPhone 14 Pro Max 256GB,14,Unknown,Available,"WTS iPhone 14 Pro Max 256GB
Price: 00
Condition: Mint
DM me",Marketplace 1,3256,2026-02-15T10:28:10.423311
WTS iPhone 14 Pro Max 256GB,14,Unknown,Available,"WTS iPhone 14 Pro Max 256GB
Price: 00
Condition: Mint
DM me",Marketplace 1,2275,2026-02-15T10:28:14.529972
Jual Akun Google Cloud,Rp 150.000,IDR,Available,"Jual Akun Google Cloud
Rp 150.000 via Dana/OVO",Marketplace 1,4548,2026-02-15T10:28:19.300634
Looking for Python dev,: 00,Unknown,Available,"Looking for Python dev
Budget: 00
Contact: @user123",Crypto Signals,5643,2026-02-15T10:28:23.687397
Sewa RDP Windows 8GB RAM,8,Unknown,Available,"Sewa RDP Windows 8GB RAM
Harga: 50k / bulan",Marketplace 1,4370,2026-02-15T10:28:27.501415
Looking for Python dev,: 00,Unknown,Available,"Looking for Python dev
Budget: 00
Contact: @user123",Job Board,5844,2026-02-15T10:28:30.038692
[SOLD] MacBook Air M2,2,Unknown,Sold,"[SOLD] MacBook Air M2
50",Job Board,4054,2026-02-15T10:28:34.614206
Selling 100 USDT for PayPal F&F,100 USD,USD,Available,"Selling 100 USDT for PayPal F&F
Rate 1:1",Crypto Signals,2523,2026-02-15T10:28:37.931357
Selling 100 USDT for PayPal F&F,100 USD,USD,Available,"Selling 100 USDT for PayPal F&F
Rate 1:1",Crypto Signals,8450,2026-02-15T10:28:40.843032
Looking for Python dev,: 00,Unknown,Available,"Looking for Python dev
Budget: 00
Contact: @user123",Crypto Signals,3017,2026-02-15T10:28:45.598288
Sewa RDP Windows 8GB RAM,8,Unknown,Available,"Sewa RDP Windows 8GB RAM
Harga: 50k / bulan",Marketplace 1,9253,2026-02-15T10:28:49.611941
Sewa RDP Windows 8GB RAM,8,Unknown,Available,"Sewa RDP Windows 8GB RAM
Harga: 50k / bulan",Marketplace 1,3137,2026-02-15T10:28:52.548004
[SOLD] MacBook Air M2,2,Unknown,Sold,"[SOLD] MacBook Air M2
50",Crypto Signals,6749,2026-02-15T10:28:54.895861
Jual Akun Google Cloud,Rp 150.000,IDR,Available,"Jual Akun Google Cloud
Rp 150.000 via Dana/OVO",Job Board,7532,2026-02-15T10:28:57.698390
Jual Akun Google Cloud,Rp 150.000,IDR,Available,"Jual Akun Google Cloud
Rp 150.000 via Dana/OVO",Marketplace 1,1373,2026-02-15T10:29:01.152299
Looking for Python dev,: 00,Unknown,Available,"Looking for Python dev
Budget: 00
Contact: @user123",Marketplace 1,2953,2026-02-15T10:29:04.542039
Sewa RDP Windows 8GB RAM,8,Unknown,Available,"Sewa RDP Windows 8GB RAM
Harga: 50k / bulan",Marketplace 1,7676,2026-02-15T10:29:08.547670
[SOLD] MacBook Air M2,2,Unknown,Sold,"[SOLD] MacBook Air M2
50",Crypto Signals,5677,2026-02-15T10:29:11.844425
Selling 100 USDT for PayPal F&F,100 USD,USD,Available,"Selling 100 USDT for PayPal F&F
Rate 1:1",Crypto Signals,8069,2026-02-15T10:29:15.500951
Looking for Python dev,: 00,Unknown,Available,"Looking for Python dev
Budget: 00
Contact: @user123",Job Board,8625,2026-02-15T10:29:19.394419
Jual Akun Google Cloud,Rp 150.000,IDR,Available,"Jual Akun Google Cloud
Rp 150.000 via Dana/OVO",Job Board,2136,2026-02-15T10:29:24.018160
WTS iPhone 14 Pro Max 256GB,14,Unknown,Available,"WTS iPhone 14 Pro Max 256GB
Price: 00
Condition: Mint
DM me",Marketplace 1,6505,2026-02-15T10:29:27.293071
Selling 100 USDT for PayPal F&F,100 USD,USD,Available,"Selling 100 USDT for PayPal F&F
Rate 1:1",Marketplace 1,2282,2026-02-15T10:29:30.273692
Sewa RDP Windows 8GB RAM,8,Unknown,Available,"Sewa RDP Windows 8GB RAM
Harga: 50k / bulan",Marketplace 1,9854,2026-02-15T10:29:33.274022
Sewa RDP Windows 8GB RAM,8,Unknown,Available,"Sewa RDP Windows 8GB RAM
Harga: 50k / bulan",Job Board,5622,2026-02-15T10:29:35.907452
Jual Akun Google Cloud,Rp 150.000,IDR,Available,"Jual Akun Google Cloud
Rp 150.000 via Dana/OVO",Crypto Signals,8090,2026-02-15T10:29:39.599627
Jual Akun Google Cloud,Rp 150.000,IDR,Available,"Jual Akun Google Cloud
Rp 150.000 via Dana/OVO",Crypto Signals,4498,2026-02-15T10:29:43.183927
Looking for Python dev,: 00,Unknown,Available,"Looking for Python dev
Budget: 00
Contact: @user123",Job Board,9651,2026-02-15T10:29:47.502997
Jual Akun Google Cloud,Rp 150.000,IDR,Available,"Jual Akun Google Cloud
Rp 150.000 via Dana/OVO",Marketplace 1,8786,2026-02-15T10:29:49.522092
[SOLD] MacBook Air M2,2,Unknown,Sold,"[SOLD] MacBook Air M2
50",Crypto Signals,2583,2026-02-15T10:29:53.258836
Sewa RDP Windows 8GB RAM,8,Unknown,Available,"Sewa RDP Windows 8GB RAM
Harga: 50k / bulan",Crypto Signals,2850,2026-02-15T10:29:58.285943
Looking for Python dev,: 00,Unknown,Available,"Looking for Python dev
Budget: 00
Contact: @user123",Crypto Signals,4967,2026-02-15T10:30:02.203216
Sewa RDP Windows 8GB RAM,8,Unknown,Available,"Sewa RDP Windows 8GB RAM
Harga: 50k / bulan",Job Board,5693,2026-02-15T10:30:05.399072
Jual Akun Google Cloud,Rp 150.000,IDR,Available,"Jual Akun Google Cloud
Rp 150.000 via Dana/OVO",Job Board,1378,2026-02-15T10:30:08.541293
WTS iPhone 14 Pro Max 256GB,14,Unknown,Available,"WTS iPhone 14 Pro Max 256GB
Price: 00
Condition: Mint
DM me",Job Board,8060,2026-02-15T10:30:10.810605
Looking for Python dev,: 00,Unknown,Available,"Looking for Python dev
Budget: 00
Contact: @user123",Job Board,9420,2026-02-15T10:30:14.404895
Jual Akun Google Cloud,Rp 150.000,IDR,Available,"Jual Akun Google Cloud
Rp 150.000 via Dana/OVO",Job Board,2848,2026-02-15T10:30:17.594825
Jual Akun Google Cloud,Rp 150.000,IDR,Available,"Jual Akun Google Cloud
Rp 150.000 via Dana/OVO",Job Board,6009,2026-02-15T10:30:21.126030
Selling 100 USDT for PayPal F&F,100 USD,USD,Available,"Selling 100 USDT for PayPal F&F
Rate 1:1",Marketplace 1,3585,2026-02-15T10:30:25.729145
WTS iPhone 14 Pro Max 256GB,14,Unknown,Available,"WTS iPhone 14 Pro Max 256GB
Price: 00
Condition: Mint
DM me",Marketplace 1,7754,2026-02-15T10:30:28.984151
WTS iPhone 14 Pro Max 256GB,14,Unknown,Available,"WTS iPhone 14 Pro Max 256GB
Price: 00
Condition: Mint
DM me",Crypto Signals,2660,2026-02-15T10:30:33.043851
[SOLD] MacBook Air M2,2,Unknown,Sold,"[SOLD] MacBook Air M2
50",Crypto Signals,1953,2026-02-15T10:30:36.397936
Looking for Python dev,: 00,Unknown,Available,"Looking for Python dev
Budget: 00
Contact: @user123",Crypto Signals,4925,2026-02-15T10:30:40.762977
[SOLD] MacBook Air M2,2,Unknown,Sold,"[SOLD] MacBook Air M2
50",Job Board,6588,2026-02-15T10:30:43.315449
Selling 100 USDT for PayPal F&F,100 USD,USD,Available,"Selling 100 USDT for PayPal F&F
Rate 1:1",Marketplace 1,1682,2026-02-15T10:30:47.897534
Jual Akun Google Cloud,Rp 150.000,IDR,Available,"Jual Akun Google Cloud
Rp 150.000 via Dana/OVO",Marketplace 1,6468,2026-02-15T10:30:52.425582
Sewa RDP Windows 8GB RAM,8,Unknown,Available,"Sewa RDP Windows 8GB RAM
Harga: 50k / bulan",Job Board,8865,2026-02-15T10:30:56.600279
Sewa RDP Windows 8GB RAM,8,Unknown,Available,"Sewa RDP Windows 8GB RAM
Harga: 50k / bulan",Crypto Signals,7450,2026-02-15T10:31:00.755200
WTS iPhone 14 Pro Max 256GB,14,Unknown,Available,"WTS iPhone 14 Pro Max 256GB
Price: 00
Condition: Mint
DM me",Job Board,6021,2026-02-15T10:31:05.492480
[SOLD] MacBook Air M2,2,Unknown,Sold,"[SOLD] MacBook Air M2
50",Job Board,5162,2026-02-15T10:31:08.007692
Jual Akun Google Cloud,Rp 150.000,IDR,Available,"Jual Akun Google Cloud
Rp 150.000 via Dana/OVO",Job Board,8487,2026-02-15T10:31:10.264037
Selling 100 USDT for PayPal F&F,100 USD,USD,Available,"Selling 100 USDT for PayPal F&F
Rate 1:1",Crypto Signals,9959,2026-02-15T10:31:14.965479
Sewa RDP Windows 8GB RAM,8,Unknown,Available,"Sewa RDP Windows 8GB RAM
Harga: 50k / bulan",Crypto Signals,9794,2026-02-15T10:31:17.541647
Sewa RDP Windows 8GB RAM,8,Unknown,Available,"Sewa RDP Windows 8GB RAM
Harga: 50k / bulan",Marketplace 1,1513,2026-02-15T10:31:20.462077
Jual Akun Google Cloud,Rp 150.000,IDR,Available,"Jual Akun Google Cloud
Rp 150.000 via Dana/OVO",Job Board,7085,2026-02-15T10:31:24.282373
Sewa RDP Windows 8GB RAM,8,Unknown,Available,"Sewa RDP Windows 8GB RAM
Harga: 50k / bulan",Job Board,1415,2026-02-15T10:31:27.889562
Sewa RDP Windows 8GB RAM,8,Unknown,Available,"Sewa RDP Windows 8GB RAM
Harga: 50k / bulan",Marketplace 1,1658,2026-02-15T10:31:32.350491
Sewa RDP Windows 8GB RAM,8,Unknown,Available,"Sewa RDP Windows 8GB RAM
Harga: 50k / bulan",Job Board,1631,2026-02-15T10:31:37.268874
Looking for Python dev,: 00,Unknown,Available,"Looking for Python dev
Budget: 00
Contact: @user123",Crypto Signals,1384,2026-02-15T10:31:41.043227
Jual Akun Google Cloud,Rp 150.000,IDR,Available,"Jual Akun Google Cloud
Rp 150.000 via Dana/OVO",Job Board,7060,2026-02-15T10:31:45.318008
[SOLD] MacBook Air M2,2,Unknown,Sold,"[SOLD] MacBook Air M2
50",Crypto Signals,1409,2026-02-15T10:31:49.635944
Sewa RDP Windows 8GB RAM,8,Unknown,Available,"Sewa RDP Windows 8GB RAM
Harga: 50k / bulan",Marketplace 1,7696,2026-02-15T10:31:52.628472
Sewa RDP Windows 8GB RAM,8,Unknown,Available,"Sewa RDP Windows 8GB RAM
Harga: 50k / bulan",Job Board,7234,2026-02-15T10:31:55.430248
Jual Akun Google Cloud,Rp 150.000,IDR,Available,"Jual Akun Google Cloud
Rp 150.000 via Dana/OVO",Crypto Signals,5677,2026-02-15T10:31:57.658395
Sewa RDP Windows 8GB RAM,8,Unknown,Available,"Sewa RDP Windows 8GB RAM
Harga: 50k / bulan",Crypto Signals,5356,2026-02-15T10:32:00.489942
WTS iPhone 14 Pro Max 256GB,14,Unknown,Available,"WTS iPhone 14 Pro Max 256GB
Price: 00
Condition: Mint
DM me",Marketplace 1,3833,2026-02-15T10:32:03.580929
Looking for Python dev,: 00,Unknown,Available,"Looking for Python dev
Budget: 00
Contact: @user123",Marketplace 1,2915,2026-02-15T10:32:07.767855
Jual Akun Google Cloud,Rp 150.000,IDR,Available,"Jual Akun Google Cloud
Rp 150.000 via Dana/OVO",Marketplace 1,9866,2026-02-15T10:32:10.771604
[SOLD] MacBook Air M2,2,Unknown,Sold,"[SOLD] MacBook Air M2
50",Crypto Signals,7065,2026-02-15T10:32:15.642201
[SOLD] MacBook Air M2,2,Unknown,Sold,"[SOLD] MacBook Air M2
50",Job Board,6374,2026-02-15T10:32:19.808225
Jual Akun Google Cloud,Rp 150.000,IDR,Available,"Jual Akun Google Cloud
Rp 150.000 via Dana/OVO",Crypto Signals,3774,2026-02-15T10:32:24.390036
[SOLD] MacBook Air M2,2,Unknown,Sold,"[SOLD] MacBook Air M2
50",Job Board,1599,2026-02-15T10:32:27.359886
Looking for Python dev,: 00,Unknown,Available,"Looking for Python dev
Budget: 00
Contact: @user123",Crypto Signals,3710,2026-02-15T10:32:31.179125
Sewa RDP Windows 8GB RAM,8,Unknown,Available,"Sewa RDP Windows 8GB RAM
Harga: 50k / bulan",Marketplace 1,5507,2026-02-15T10:32:34.793119
WTS iPhone 14 Pro Max 256GB,14,Unknown,Available,"WTS iPhone 14 Pro Max 256GB
Price: 00
Condition: Mint
DM me",Marketplace 1,6588,2026-02-15T10:32:39.376769
Sewa RDP Windows 8GB RAM,8,Unknown,Available,"Sewa RDP Windows 8GB RAM
Harga: 50k / bulan",Crypto Signals,8424,2026-02-15T10:32:41.612897
WTS iPhone 14 Pro Max 256GB,14,Unknown,Available,"WTS iPhone 14 Pro Max 256GB
Price: 00
Condition: Mint
DM me",Crypto Signals,4987,2026-02-15T10:32:43.934355
WTS iPhone 14 Pro Max 256GB,14,Unknown,Available,"WTS iPhone 14 Pro Max 256GB
Price: 00
Condition: Mint
DM me",Job Board,4510,2026-02-15T10:32:46.874073
Sewa RDP Windows 8GB RAM,8,Unknown,Available,"Sewa RDP Windows 8GB RAM
Harga: 50k / bulan",Crypto Signals,3021,2026-02-15T10:32:51.855630
Selling 100 USDT for PayPal F&F,100 USD,USD,Available,"Selling 100 USDT for PayPal F&F
Rate 1:1",Crypto Signals,5570,2026-02-15T10:32:54.795338
[SOLD] MacBook Air M2,2,Unknown,Sold,"[SOLD] MacBook Air M2
50",Marketplace 1,2722,2026-02-15T10:32:57.540565
Looking for Python dev,: 00,Unknown,Available,"Looking for Python dev
Budget: 00
Contact: @user123",Crypto Signals,4729,2026-02-15T10:33:00.902725
Selling 100 USDT for PayPal F&F,100 USD,USD,Available,"Selling 100 USDT for PayPal F&F
Rate 1:1",Marketplace 1,5901,2026-02-15T10:33:04.406676
[SOLD] MacBook Air M2,2,Unknown,Sold,"[SOLD] MacBook Air M2
50",Crypto Signals,4632,2026-02-15T10:33:07.940630
Looking for Python dev,: 00,Unknown,Available,"Looking for Python dev
Budget: 00
Contact: @user123",Marketplace 1,1868,2026-02-15T10:33:11.430956
Looking for Python dev,: 00,Unknown,Available,"Looking for Python dev
Budget: 00
Contact: @user123",Job Board,6616,2026-02-15T10:33:13.633556
Selling 100 USDT for PayPal F&F,100 USD,USD,Available,"Selling 100 USDT for PayPal F&F
Rate 1:1",Crypto Signals,1737,2026-02-15T10:33:18.027638
[SOLD] MacBook Air M2,2,Unknown,Sold,"[SOLD] MacBook Air M2
50",Marketplace 1,8016,2026-02-15T10:33:21.342849
Looking for Python dev,: 00,Unknown,Available,"Looking for Python dev
Budget: 00
Contact: @user123",Crypto Signals,2686,2026-02-15T10:33:24.768909
Looking for Python dev,: 00,Unknown,Available,"Looking for Python dev
Budget: 00
Contact: @user123",Job Board,4580,2026-02-15T10:33:27.978817
[SOLD] MacBook Air M2,2,Unknown,Sold,"[SOLD] MacBook Air M2
50",Job Board,6283,2026-02-15T10:33:30.628005
WTS iPhone 14 Pro Max 256GB,14,Unknown,Available,"WTS iPhone 14 Pro Max 256GB
Price: 00
Condition: Mint
DM me",Job Board,3002,2026-02-15T10:33:34.529554
WTS iPhone 14 Pro Max 256GB,14,Unknown,Available,"WTS iPhone 14 Pro Max 256GB
Price: 00
Condition: Mint
DM me",Marketplace 1,7549,2026-02-15T10:33:39.040610
Sewa RDP Windows 8GB RAM,8,Unknown,Available,"Sewa RDP Windows 8GB RAM
Harga: 50k / bulan",Job Board,9593,2026-02-15T10:33:43.138287
[SOLD] MacBook Air M2,2,Unknown,Sold,"[SOLD] MacBook Air M2
50",Crypto Signals,3000,2026-02-15T10:33:46.641267
[SOLD] MacBook Air M2,2,Unknown,Sold,"[SOLD] MacBook Air M2
50",Job Board,5982,2026-02-15T10:33:50.642858
[SOLD] MacBook Air M2,2,Unknown,Sold,"[SOLD] MacBook Air M2
50",Marketplace 1,5723,2026-02-15T10:33:53.321338
[SOLD] MacBook Air M2,2,Unknown,Sold,"[SOLD] MacBook Air M2
50",Marketplace 1,2866,2026-02-15T10:33:57.418066
Looking for Python dev,: 00,Unknown,Available,"Looking for Python dev
Budget: 00
Contact: @user123",Marketplace 1,4575,2026-02-15T10:34:01.772926
WTS iPhone 14 Pro Max 256GB,14,Unknown,Available,"WTS iPhone 14 Pro Max 256GB
Price: 00
Condition: Mint
DM me",Crypto Signals,2246,2026-02-15T10:34:04.149962
Sewa RDP Windows 8GB RAM,8,Unknown,Available,"Sewa RDP Windows 8GB RAM
Harga: 50k / bulan",Job Board,7017,2026-02-15T10:34:08.517857
Looking for Python dev,: 00,Unknown,Available,"Looking for Python dev
Budget: 00
Contact: @user123",Crypto Signals,8293,2026-02-15T10:34:10.887610
WTS iPhone 14 Pro Max 256GB,14,Unknown,Available,"WTS iPhone 14 Pro Max 256GB
Price: 00
Condition: Mint
DM me",Job Board,5643,2026-02-15T10:34:13.819158
Selling 100 USDT for PayPal F&F,100 USD,USD,Available,"Selling 100 USDT for PayPal F&F
Rate 1:1",Marketplace 1,6539,2026-02-15T10:34:15.917990
WTS iPhone 14 Pro Max 256GB,14,Unknown,Available,"WTS iPhone 14 Pro Max 256GB
Price: 00
Condition: Mint
DM me",Crypto Signals,2769,2026-02-15T10:34:20.362171
WTS iPhone 14 Pro Max 256GB,14,Unknown,Available,"WTS iPhone 14 Pro Max 256GB
Price: 00
Condition: Mint
DM me",Job Board,4379,2026-02-15T10:34:25.253553
Selling 100 USDT for PayPal F&F,100 USD,USD,Available,"Selling 100 USDT for PayPal F&F
Rate 1:1",Job Board,5062,2026-02-15T10:34:29.274154
Sewa RDP Windows 8GB RAM,8,Unknown,Available,"Sewa RDP Windows 8GB RAM
Harga: 50k / bulan",Job Board,9085,2026-02-15T10:34:32.379730
[SOLD] MacBook Air M2,2,Unknown,Sold,"[SOLD] MacBook Air M2
50",Crypto Signals,3197,2026-02-15T10:34:37.002946
Jual Akun Google Cloud,Rp 150.000,IDR,Available,"Jual Akun Google Cloud
Rp 150.000 via Dana/OVO",Job Board,5950,2026-02-15T10:34:41.449032
Sewa RDP Windows 8GB RAM,8,Unknown,Available,"Sewa RDP Windows 8GB RAM
Harga: 50k / bulan",Job Board,7216,2026-02-15T10:34:45.313566
WTS iPhone 14 Pro Max 256GB,14,Unknown,Available,"WTS iPhone 14 Pro Max 256GB
Price: 00
Condition: Mint
DM me",Marketplace 1,4111,2026-02-15T10:34:50.145007
[SOLD] MacBook Air M2,2,Unknown,Sold,"[SOLD] MacBook Air M2
50",Crypto Signals,2787,2026-02-15T10:34:53.347835
Jual Akun Google Cloud,Rp 150.000,IDR,Available,"Jual Akun Google Cloud
Rp 150.000 via Dana/OVO",Crypto Signals,7570,2026-02-15T10:34:55.843083
Looking for Python dev,: 00,Unknown,Available,"Looking for Python dev
Budget: 00
Contact: @user123",Marketplace 1,3240,2026-02-15T10:34:59.498351
Jual Akun Google Cloud,Rp 150.000,IDR,Available,"Jual Akun Google Cloud
Rp 150.000 via Dana/OVO",Crypto Signals,1225,2026-02-15T10:35:04.244542
WTS iPhone 14 Pro Max 256GB,14,Unknown,Available,"WTS iPhone 14 Pro Max 256GB
Price: 00
Condition: Mint
DM me",Job Board,7142,2026-02-15T10:35:07.654199
[SOLD] MacBook Air M2,2,Unknown,Sold,"[SOLD] MacBook Air M2
50",Job Board,9211,2026-02-15T10:35:11.703641
Sewa RDP Windows 8GB RAM,8,Unknown,Available,"Sewa RDP Windows 8GB RAM
Harga: 50k / bulan",Marketplace 1,3985,2026-02-15T10:35:14.285336
Looking for Python dev,: 00,Unknown,Available,"Looking for Python dev
Budget: 00
Contact: @user123",Crypto Signals,7779,2026-02-15T10:35:17.098216
Looking for Python dev,: 00,Unknown,Available,"Looking for Python dev
Budget: 00
Contact: @user123",Marketplace 1,5424,2026-02-15T10:35:19.366006
Looking for Python dev,: 00,Unknown,Available,"Looking for Python dev
Budget: 00
Contact: @user123",Crypto Signals,9181,2026-02-15T10:35:22.014825
WTS iPhone 14 Pro Max 256GB,14,Unknown,Available,"WTS iPhone 14 Pro Max 256GB
Price: 00
Condition: Mint
DM me",Crypto Signals,2798,2026-02-15T10:35:24.536988
Sewa RDP Windows 8GB RAM,8,Unknown,Available,"Sewa RDP Windows 8GB RAM
Harga: 50k / bulan",Crypto Signals,4566,2026-02-15T10:35:28.193425
[SOLD] MacBook Air M2,2,Unknown,Sold,"[SOLD] MacBook Air M2
50",Marketplace 1,2626,2026-02-15T10:35:31.062917
WTS iPhone 14 Pro Max 256GB,14,Unknown,Available,"WTS iPhone 14 Pro Max 256GB
Price: 00
Condition: Mint
DM me",Marketplace 1,1416,2026-02-15T10:35:35.261657
WTS iPhone 14 Pro Max 256GB,14,Unknown,Available,"WTS iPhone 14 Pro Max 256GB
Price: 00
Condition: Mint
DM me",Crypto Signals,9881,2026-02-15T10:35:40.202124
Sewa RDP Windows 8GB RAM,8,Unknown,Available,"Sewa RDP Windows 8GB RAM
Harga: 50k / bulan",Marketplace 1,3040,2026-02-15T10:35:44.979550
Selling 100 USDT for PayPal F&F,100 USD,USD,Available,"Selling 100 USDT for PayPal F&F
Rate 1:1",Crypto Signals,7783,2026-02-15T10:35:49.606787
WTS iPhone 14 Pro Max 256GB,14,Unknown,Available,"WTS iPhone 14 Pro Max 256GB
Price: 00
Condition: Mint
DM me",Job Board,7284,2026-02-15T10:35:52.235960
Jual Akun Google Cloud,Rp 150.000,IDR,Available,"Jual Akun Google Cloud
Rp 150.000 via Dana/OVO",Job Board,4319,2026-02-15T10:35:55.109287
Looking for Python dev,: 00,Unknown,Available,"Looking for Python dev
Budget: 00
Contact: @user123",Job Board,8783,2026-02-15T10:35:57.657352
[SOLD] MacBook Air M2,2,Unknown,Sold,"[SOLD] MacBook Air M2
50",Job Board,6020,2026-02-15T10:36:00.769048
WTS iPhone 14 Pro Max 256GB,14,Unknown,Available,"WTS iPhone 14 Pro Max 256GB
Price: 00
Condition: Mint
DM me",Crypto Signals,7910,2026-02-15T10:36:04.580677
Looking for Python dev,: 00,Unknown,Available,"Looking for Python dev
Budget: 00
Contact: @user123",Crypto Signals,4321,2026-02-15T10:36:07.169167
Selling 100 USDT for PayPal F&F,100 USD,USD,Available,"Selling 100 USDT for PayPal F&F
Rate 1:1",Marketplace 1,8352,2026-02-15T10:36:10.375384
Selling 100 USDT for PayPal F&F,100 USD,USD,Available,"Selling 100 USDT for PayPal F&F
Rate 1:1",Crypto Signals,1598,2026-02-15T10:36:12.646975
Looking for Python dev,: 00,Unknown,Available,"Looking for Python dev
Budget: 00
Contact: @user123",Crypto Signals,5429,2026-02-15T10:36:15.028403
Looking for Python dev,: 00,Unknown,Available,"Looking for Python dev
Budget: 00
Contact: @user123",Job Board,5540,2026-02-15T10:36:19.452622
[SOLD] MacBook Air M2,2,Unknown,Sold,"[SOLD] MacBook Air M2
50",Crypto Signals,7891,2026-02-15T10:36:21.638327
Selling 100 USDT for PayPal F&F,100 USD,USD,Available,"Selling 100 USDT for PayPal F&F
Rate 1:1",Crypto Signals,2739,2026-02-15T10:36:24.566643
WTS iPhone 14 Pro Max 256GB,14,Unknown,Available,"WTS iPhone 14 Pro Max 256GB
Price: 00
Condition: Mint
DM me",Marketplace 1,3305,2026-02-15T10:36:28.373683
Selling 100 USDT for PayPal F&F,100 USD,USD,Available,"Selling 100 USDT for PayPal F&F
Rate 1:1",Job Board,8112,2026-02-15T10:36:31.312746
Selling 100 USDT for PayPal F&F,100 USD,USD,Available,"Selling 100 USDT for PayPal F&F
Rate 1:1",Job Board,8062,2026-02-15T10:36:34.207079
WTS iPhone 14 Pro Max 256GB,14,Unknown,Available,"WTS iPhone 14 Pro Max 256GB
Price: 00
Condition: Mint
DM me",Marketplace 1,7146,2026-02-15T10:36:37.616332
Sewa RDP Windows 8GB RAM,8,Unknown,Available,"Sewa RDP Windows 8GB RAM
Harga: 50k / bulan",Job Board,2856,2026-02-15T10:36:40.221494
WTS iPhone 14 Pro Max 256GB,14,Unknown,Available,"WTS iPhone 14 Pro Max 256GB
Price: 00
Condition: Mint
DM me",Job Board,8976,2026-02-15T10:36:44.441985
Sewa RDP Windows 8GB RAM,8,Unknown,Available,"Sewa RDP Windows 8GB RAM
Harga: 50k / bulan",Job Board,6988,2026-02-15T10:36:47.346471
[SOLD] MacBook Air M2,2,Unknown,Sold,"[SOLD] MacBook Air M2
50",Crypto Signals,3885,2026-02-15T10:36:51.649494
Jual Akun Google Cloud,Rp 150.000,IDR,Available,"Jual Akun Google Cloud
Rp 150.000 via Dana/OVO",Job Board,2793,2026-02-15T10:36:55.478899
Jual Akun Google Cloud,Rp 150.000,IDR,Available,"Jual Akun Google Cloud
Rp 150.000 via Dana/OVO",Crypto Signals,9603,2026-02-15T10:36:57.511280
[SOLD] MacBook Air M2,2,Unknown,Sold,"[SOLD] MacBook Air M2
50",Marketplace 1,5956,2026-02-15T10:37:00.162456
Selling 100 USDT for PayPal F&F,100 USD,USD,Available,"Selling 100 USDT for PayPal F&F
Rate 1:1",Crypto Signals,9637,2026-02-15T10:37:04.735271
Selling 100 USDT for PayPal F&F,100 USD,USD,Available,"Selling 100 USDT for PayPal F&F
Rate 1:1",Job Board,7435,2026-02-15T10:37:09.233903
Jual Akun Google Cloud,Rp 150.000,IDR,Available,"Jual Akun Google Cloud
Rp 150.000 via Dana/OVO",Crypto Signals,7988,2026-02-15T10:37:11.670905
Selling 100 USDT for PayPal F&F,100 USD,USD,Available,"Selling 100 USDT for PayPal F&F
Rate 1:1",Crypto Signals,4773,2026-02-15T10:37:15.924627
WTS iPhone 14 Pro Max 256GB,14,Unknown,Available,"WTS iPhone 14 Pro Max 256GB
Price: 00
Condition: Mint
DM me",Job Board,7288,2026-02-15T10:37:18.119415
[SOLD] MacBook Air M2,2,Unknown,Sold,"[SOLD] MacBook Air M2
50",Job Board,3433,2026-02-15T10:37:21.505220
Sewa RDP Windows 8GB RAM,8,Unknown,Available,"Sewa RDP Windows 8GB RAM
Harga: 50k / bulan",Marketplace 1,2854,2026-02-15T10:37:23.895148
[SOLD] MacBook Air M2,2,Unknown,Sold,"[SOLD] MacBook Air M2
50",Crypto Signals,7857,2026-02-15T10:37:27.491479
Looking for Python dev,: 00,Unknown,Available,"Looking for Python dev
Budget: 00
Contact: @user123",Marketplace 1,5491,2026-02-15T10:37:30.891428
Jual Akun Google Cloud,Rp 150.000,IDR,Available,"Jual Akun Google Cloud
Rp 150.000 via Dana/OVO",Crypto Signals,7747,2026-02-15T10:37:34.339315
Selling 100 USDT for PayPal F&F,100 USD,USD,Available,"Selling 100 USDT for PayPal F&F
Rate 1:1",Job Board,4712,2026-02-15T10:37:37.022462
Selling 100 USDT for PayPal F&F,100 USD,USD,Available,"Selling 100 USDT for PayPal F&F
Rate 1:1",Crypto Signals,7725,2026-02-15T10:37:41.390608
Looking for Python dev,: 00,Unknown,Available,"Looking for Python dev
Budget: 00
Contact: @user123",Marketplace 1,1098,2026-02-15T10:37:45.545584
Looking for Python dev,: 00,Unknown,Available,"Looking for Python dev
Budget: 00
Contact: @user123",Crypto Signals,2672,2026-02-15T10:37:50.373498
WTS iPhone 14 Pro Max 256GB,14,Unknown,Available,"WTS iPhone 14 Pro Max 256GB
Price: 00
Condition: Mint
DM me",Job Board,1135,2026-02-15T10:37:53.384076
Sewa RDP Windows 8GB RAM,8,Unknown,Available,"Sewa RDP Windows 8GB RAM
Harga: 50k / bulan",Job Board,7808,2026-02-15T10:37:57.979210
WTS iPhone 14 Pro Max 256GB,14,Unknown,Available,"WTS iPhone 14 Pro Max 256GB
Price: 00
Condition: Mint
DM me",Marketplace 1,4616,2026-02-15T10:38:01.782452
[SOLD] MacBook Air M2,2,Unknown,Sold,"[SOLD] MacBook Air M2
50",Marketplace 1,7219,2026-02-15T10:38:04.852008
Selling 100 USDT for PayPal F&F,100 USD,USD,Available,"Selling 100 USDT for PayPal F&F
Rate 1:1",Marketplace 1,7395,2026-02-15T10:38:09.651322
Jual Akun Google Cloud,Rp 150.000,IDR,Available,"Jual Akun Google Cloud
Rp 150.000 via Dana/OVO",Marketplace 1,6732,2026-02-15T10:38:13.206510
WTS iPhone 14 Pro Max 256GB,14,Unknown,Available,"WTS iPhone 14 Pro Max 256GB
Price: 00
Condition: Mint
DM me",Job Board,3971,2026-02-15T10:38:16.748627
Jual Akun Google Cloud,Rp 150.000,IDR,Available,"Jual Akun Google Cloud
Rp 150.000 via Dana/OVO",Crypto Signals,7904,2026-02-15T10:38:19.745175
Jual Akun Google Cloud,Rp 150.000,IDR,Available,"Jual Akun Google Cloud
Rp 150.000 via Dana/OVO",Crypto Signals,1326,2026-02-15T10:38:22.922880
Sewa RDP Windows 8GB RAM,8,Unknown,Available,"Sewa RDP Windows 8GB RAM
Harga: 50k / bulan",Crypto Signals,3964,2026-02-15T10:38:27.341831
[SOLD] MacBook Air M2,2,Unknown,Sold,"[SOLD] MacBook Air M2
50",Job Board,5728,2026-02-15T10:38:29.825931
Sewa RDP Windows 8GB RAM,8,Unknown,Available,"Sewa RDP Windows 8GB RAM
Harga: 50k / bulan",Crypto Signals,9461,2026-02-15T10:38:33.625100
[SOLD] MacBook Air M2,2,Unknown,Sold,"[SOLD] MacBook Air M2
50",Marketplace 1,5983,2026-02-15T10:38:36.913106
Selling 100 USDT for PayPal F&F,100 USD,USD,Available,"Selling 100 USDT for PayPal F&F
Rate 1:1",Job Board,2930,2026-02-15T10:38:41.460176
Sewa RDP Windows 8GB RAM,8,Unknown,Available,"Sewa RDP Windows 8GB RAM
Harga: 50k / bulan",Crypto Signals,1976,2026-02-15T10:38:43.860222
Jual Akun Google Cloud,Rp 150.000,IDR,Available,"Jual Akun Google Cloud
Rp 150.000 via Dana/OVO",Crypto Signals,3089,2026-02-15T10:38:46.658495
Looking for Python dev,: 00,Unknown,Available,"Looking for Python dev
Budget: 00
Contact: @user123",Marketplace 1,9161,2026-02-15T10:38:51.351647
Sewa RDP Windows 8GB RAM,8,Unknown,Available,"Sewa RDP Windows 8GB RAM
Harga: 50k / bulan",Marketplace 1,8313,2026-02-15T10:38:53.624556
Selling 100 USDT for PayPal F&F,100 USD,USD,Available,"Selling 100 USDT for PayPal F&F
Rate 1:1",Job Board,4778,2026-02-15T10:38:58.484350
Selling 100 USDT for PayPal F&F,100 USD,USD,Available,"Selling 100 USDT for PayPal F&F
Rate 1:1",Crypto Signals,1066,2026-02-15T10:39:01.062043
Looking for Python dev,: 00,Unknown,Available,"Looking for Python dev
Budget: 00
Contact: @user123",Crypto Signals,8460,2026-02-15T10:39:03.220372
[SOLD] MacBook Air M2,2,Unknown,Sold,"[SOLD] MacBook Air M2
50",Marketplace 1,6923,2026-02-15T10:39:06.068741
Jual Akun Google Cloud,Rp 150.000,IDR,Available,"Jual Akun Google Cloud
Rp 150.000 via Dana/OVO",Job Board,4790,2026-02-15T10:39:08.372908
Jual Akun Google Cloud,Rp 150.000,IDR,Available,"Jual Akun Google Cloud
Rp 150.000 via Dana/OVO",Crypto Signals,3778,2026-02-15T10:39:10.709287
Jual Akun Google Cloud,Rp 150.000,IDR,Available,"Jual Akun Google Cloud
Rp 150.000 via Dana/OVO",Job Board,3383,2026-02-15T10:39:13.760588
Sewa RDP Windows 8GB RAM,8,Unknown,Available,"Sewa RDP Windows 8GB RAM
Harga: 50k / bulan",Job Board,6969,2026-02-15T10:39:16.987686
Looking for Python dev,: 00,Unknown,Available,"Looking for Python dev
Budget: 00
Contact: @user123",Crypto Signals,2734,2026-02-15T10:39:20.299845
Sewa RDP Windows 8GB RAM,8,Unknown,Available,"Sewa RDP Windows 8GB RAM
Harga: 50k / bulan",Crypto Signals,8579,2026-02-15T10:39:22.720116
Selling 100 USDT for PayPal F&F,100 USD,USD,Available,"Selling 100 USDT for PayPal F&F
Rate 1:1",Marketplace 1,6313,2026-02-15T10:39:27.382543
Jual Akun Google Cloud,Rp 150.000,IDR,Available,"Jual Akun Google Cloud
Rp 150.000 via Dana/OVO",Crypto Signals,2846,2026-02-15T10:39:30.785432
[SOLD] MacBook Air M2,2,Unknown,Sold,"[SOLD] MacBook Air M2
50",Marketplace 1,1806,2026-02-15T10:39:33.866756
WTS iPhone 14 Pro Max 256GB,14,Unknown,Available,"WTS iPhone 14 Pro Max 256GB
Price: 00
Condition: Mint
DM me",Job Board,6288,2026-02-15T10:39:37.211866
Selling 100 USDT for PayPal F&F,100 USD,USD,Available,"Selling 100 USDT for PayPal F&F
Rate 1:1",Crypto Signals,6042,2026-02-15T10:39:39.528063
[SOLD] MacBook Air M2,2,Unknown,Sold,"[SOLD] MacBook Air M2
50",Marketplace 1,6455,2026-02-15T10:39:43.539811
Sewa RDP Windows 8GB RAM,8,Unknown,Available,"Sewa RDP Windows 8GB RAM
Harga: 50k / bulan",Marketplace 1,6607,2026-02-15T10:39:46.254087
[SOLD] MacBook Air M2,2,Unknown,Sold,"[SOLD] MacBook Air M2
50",Marketplace 1,8980,2026-02-15T10:39:50.615873
Looking for Python dev,: 00,Unknown,Available,"Looking for Python dev
Budget: 00
Contact: @user123",Job Board,2778,2026-02-15T10:39:53.591587
Sewa RDP Windows 8GB RAM,8,Unknown,Available,"Sewa RDP Windows 8GB RAM
Harga: 50k / bulan",Marketplace 1,6458,2026-02-15T10:39:58.151909
Sewa RDP Windows 8GB RAM,8,Unknown,Available,"Sewa RDP Windows 8GB RAM
Harga: 50k / bulan",Crypto Signals,6402,2026-02-15T10:40:02.016905
WTS iPhone 14 Pro Max 256GB,14,Unknown,Available,"WTS iPhone 14 Pro Max 256GB
Price: 00
Condition: Mint
DM me",Crypto Signals,5073,2026-02-15T10:40:06.545058
Selling 100 USDT for PayPal F&F,100 USD,USD,Available,"Selling 100 USDT for PayPal F&F
Rate 1:1",Job Board,1277,2026-02-15T10:40:10.975354
WTS iPhone 14 Pro Max 256GB,14,Unknown,Available,"WTS iPhone 14 Pro Max 256GB
Price: 00
Condition: Mint
DM me",Job Board,9904,2026-02-15T10:40:15.066959
Selling 100 USDT for PayPal F&F,100 USD,USD,Available,"Selling 100 USDT for PayPal F&F
Rate 1:1",Marketplace 1,6629,2026-02-15T10:40:17.406948
Selling 100 USDT for PayPal F&F,100 USD,USD,Available,"Selling 100 USDT for PayPal F&F
Rate 1:1",Marketplace 1,4085,2026-02-15T10:40:20.997150
Selling 100 USDT for PayPal F&F,100 USD,USD,Available,"Selling 100 USDT for PayPal F&F
Rate 1:1",Marketplace 1,4021,2026-02-15T10:40:25.221981
[SOLD] MacBook Air M2,2,Unknown,Sold,"[SOLD] MacBook Air M2
50",Crypto Signals,5937,2026-02-15T10:40:30.217480
Selling 100 USDT for PayPal F&F,100 USD,USD,Available,"Selling 100 USDT for PayPal F&F
Rate 1:1",Marketplace 1,8758,2026-02-15T10:40:33.276056
[SOLD] MacBook Air M2,2,Unknown,Sold,"[SOLD] MacBook Air M2
50",Job Board,3162,2026-02-15T10:40:36.819144
Selling 100 USDT for PayPal F&F,100 USD,USD,Available,"Selling 100 USDT for PayPal F&F
Rate 1:1",Marketplace 1,5162,2026-02-15T10:40:40.773469
Selling 100 USDT for PayPal F&F,100 USD,USD,Available,"Selling 100 USDT for PayPal F&F
Rate 1:1",Job Board,9026,2026-02-15T10:40:43.219522
WTS iPhone 14 Pro Max 256GB,14,Unknown,Available,"WTS iPhone 14 Pro Max 256GB
Price: 00
Condition: Mint
DM me",Job Board,9434,2026-02-15T10:40:46.992688
Looking for Python dev,: 00,Unknown,Available,"Looking for Python dev
Budget: 00
Contact: @user123",Marketplace 1,4316,2026-02-15T10:40:51.837150
Sewa RDP Windows 8GB RAM,8,Unknown,Available,"Sewa RDP Windows 8GB RAM
Harga: 50k / bulan",Crypto Signals,2158,2026-02-15T10:40:55.707842
Looking for Python dev,: 00,Unknown,Available,"Looking for Python dev
Budget: 00
Contact: @user123",Crypto Signals,4631,2026-02-15T10:40:58.204233
[SOLD] MacBook Air M2,2,Unknown,Sold,"[SOLD] MacBook Air M2
50",Job Board,1273,2026-02-15T10:41:02.593329
Sewa RDP Windows 8GB RAM,8,Unknown,Available,"Sewa RDP Windows 8GB RAM
Harga: 50k / bulan",Crypto Signals,1428,2026-02-15T10:41:05.327617
Looking for Python dev,: 00,Unknown,Available,"Looking for Python dev
Budget: 00
Contact: @user123",Crypto Signals,8460,2026-02-15T10:41:09.025982
Selling 100 USDT for PayPal F&F,100 USD,USD,Available,"Selling 100 USDT for PayPal F&F
Rate 1:1",Crypto Signals,2171,2026-02-15T10:41:13.556904
[SOLD] MacBook Air M2,2,Unknown,Sold,"[SOLD] MacBook Air M2
50",Marketplace 1,8962,2026-02-15T10:41:16.143221
[SOLD] MacBook Air M2,2,Unknown,Sold,"[SOLD] MacBook Air M2
50",Job Board,5414,2026-02-15T10:41:19.912337
Jual Akun Google Cloud,Rp 150.000,IDR,Available,"Jual Akun Google Cloud
Rp 150.000 via Dana/OVO",Job Board,5947,2026-02-15T10:41:22.813891
Looking for Python dev,: 00,Unknown,Available,"Looking for Python dev
Budget: 00
Contact: @user123",Marketplace 1,3119,2026-02-15T10:41:26.637117
Looking for Python dev,: 00,Unknown,Available,"Looking for Python dev
Budget: 00
Contact: @user123",Job Board,1723,2026-02-15T10:41:30.603687
[SOLD] MacBook Air M2,2,Unknown,Sold,"[SOLD] MacBook Air M2
50",Crypto Signals,3042,2026-02-15T10:41:32.672289
Jual Akun Google Cloud,Rp 150.000,IDR,Available,"Jual Akun Google Cloud
Rp 150.000 via Dana/OVO",Job Board,6540,2026-02-15T10:41:34.744998
Selling 100 USDT for PayPal F&F,100 USD,USD,Available,"Selling 100 USDT for PayPal F&F
Rate 1:1",Marketplace 1,4265,2026-02-15T10:41:38.737850
Jual Akun Google Cloud,Rp 150.000,IDR,Available,"Jual Akun Google Cloud
Rp 150.000 via Dana/OVO",Marketplace 1,2215,2026-02-15T10:41:42.220792
Sewa RDP Windows 8GB RAM,8,Unknown,Available,"Sewa RDP Windows 8GB RAM
Harga: 50k / bulan",Crypto Signals,5644,2026-02-15T10:41:45.007394
Looking for Python dev,: 00,Unknown,Available,"Looking for Python dev
Budget: 00
Contact: @user123",Job Board,4404,2026-02-15T10:41:49.113206
[SOLD] MacBook Air M2,2,Unknown,Sold,"[SOLD] MacBook Air M2
50",Marketplace 1,2075,2026-02-15T10:41:53.876719
Jual Akun Google Cloud,Rp 150.000,IDR,Available,"Jual Akun Google Cloud
Rp 150.000 via Dana/OVO",Job Board,9404,2026-02-15T10:41:56.396762
Selling 100 USDT for PayPal F&F,100 USD,USD,Available,"Selling 100 USDT for PayPal F&F
Rate 1:1",Job Board,7681,2026-02-15T10:41:58.493348
Selling 100 USDT for PayPal F&F,100 USD,USD,Available,"Selling 100 USDT for PayPal F&F
Rate 1:1",Job Board,3192,2026-02-15T10:42:02.846273
[SOLD] MacBook Air M2,2,Unknown,Sold,"[SOLD] MacBook Air M2
50",Marketplace 1,5905,2026-02-15T10:42:07.476325
Jual Akun Google Cloud,Rp 150.000,IDR,Available,"Jual Akun Google Cloud
Rp 150.000 via Dana/OVO",Job Board,8839,2026-02-15T10:42:09.977434
[SOLD] MacBook Air M2,2,Unknown,Sold,"[SOLD] MacBook Air M2
50",Crypto Signals,4096,2026-02-15T10:42:13.673657
Selling 100 USDT for PayPal F&F,100 USD,USD,Available,"Selling 100 USDT for PayPal F&F
Rate 1:1",Marketplace 1,5899,2026-02-15T10:42:15.798297
WTS iPhone 14 Pro Max 256GB,14,Unknown,Available,"WTS iPhone 14 Pro Max 256GB
Price: 00
Condition: Mint
DM me",Job Board,8781,2026-02-15T10:42:18.255231
Sewa RDP Windows 8GB RAM,8,Unknown,Available,"Sewa RDP Windows 8GB RAM
Harga: 50k / bulan",Job Board,5789,2026-02-15T10:42:22.638050
Looking for Python dev,: 00,Unknown,Available,"Looking for Python dev
Budget: 00
Contact: @user123",Marketplace 1,8683,2026-02-15T10:42:25.516639
Looking for Python dev,: 00,Unknown,Available,"Looking for Python dev
Budget: 00
Contact: @user123",Crypto Signals,6514,2026-02-15T10:42:29.490117
Jual Akun Google Cloud,Rp 150.000,IDR,Available,"Jual Akun Google Cloud
Rp 150.000 via Dana/OVO",Job Board,7352,2026-02-15T10:42:32.327443
Looking for Python dev,: 00,Unknown,Available,"Looking for Python dev
Budget: 00
Contact: @user123",Job Board,4665,2026-02-15T10:42:36.605121
Jual Akun Google Cloud,Rp 150.000,IDR,Available,"Jual Akun Google Cloud
Rp 150.000 via Dana/OVO",Crypto Signals,1240,2026-02-15T10:42:41.490576
Jual Akun Google Cloud,Rp 150.000,IDR,Available,"Jual Akun Google Cloud
Rp 150.000 via Dana/OVO",Job Board,5077,2026-02-15T10:42:43.765291
Jual Akun Google Cloud,Rp 150.000,IDR,Available,"Jual Akun Google Cloud
Rp 150.000 via Dana/OVO",Crypto Signals,5598,2026-02-15T10:42:47.427607
[SOLD] MacBook Air M2,2,Unknown,Sold,"[SOLD] MacBook Air M2
50",Crypto Signals,7331,2026-02-15T10:42:52.059564
WTS iPhone 14 Pro Max 256GB,14,Unknown,Available,"WTS iPhone 14 Pro Max 256GB
Price: 00
Condition: Mint
DM me",Crypto Signals,2212,2026-02-15T10:42:54.225170
Selling 100 USDT for PayPal F&F,100 USD,USD,Available,"Selling 100 USDT for PayPal F&F
Rate 1:1",Crypto Signals,4538,2026-02-15T10:42:58.460126
Jual Akun Google Cloud,Rp 150.000,IDR,Available,"Jual Akun Google Cloud
Rp 150.000 via Dana/OVO",Marketplace 1,2232,2026-02-15T10:43:01.755937
Selling 100 USDT for PayPal F&F,100 USD,USD,Available,"Selling 100 USDT for PayPal F&F
Rate 1:1",Marketplace 1,1551,2026-02-15T10:43:03.894759
Sewa RDP Windows 8GB RAM,8,Unknown,Available,"Sewa RDP Windows 8GB RAM
Harga: 50k / bulan",Job Board,7324,2026-02-15T10:43:06.493534
Sewa RDP Windows 8GB RAM,8,Unknown,Available,"Sewa RDP Windows 8GB RAM
Harga: 50k / bulan",Marketplace 1,3938,2026-02-15T10:43:09.459141
Sewa RDP Windows 8GB RAM,8,Unknown,Available,"Sewa RDP Windows 8GB RAM
Harga: 50k / bulan",Crypto Signals,4287,2026-02-15T10:43:12.763041
[SOLD] MacBook Air M2,2,Unknown,Sold,"[SOLD] MacBook Air M2
50",Crypto Signals,8934,2026-02-15T10:43:16.944840
Jual Akun Google Cloud,Rp 150.000,IDR,Available,"Jual Akun Google Cloud
Rp 150.000 via Dana/OVO",Marketplace 1,2172,2026-02-15T10:43:20.235744
Jual Akun Google Cloud,Rp 150.000,IDR,Available,"Jual Akun Google Cloud
Rp 150.000 via Dana/OVO",Crypto Signals,3094,2026-02-15T10:43:22.793048
Selling 100 USDT for PayPal F&F,100 USD,USD,Available,"Selling 100 USDT for PayPal F&F
Rate 1:1",Job Board,2027,2026-02-15T10:43:26.454115
Jual Akun Google Cloud,Rp 150.000,IDR,Available,"Jual Akun Google Cloud
Rp 150.000 via Dana/OVO",Marketplace 1,2055,2026-02-15T10:43:28.620024
[SOLD] MacBook Air M2,2,Unknown,Sold,"[SOLD] MacBook Air M2
50",Job Board,2293,2026-02-15T10:43:31.458127
Selling 100 USDT for PayPal F&F,100 USD,USD,Available,"Selling 100 USDT for PayPal F&F
Rate 1:1",Job Board,5268,2026-02-15T10:43:35.728233
Sewa RDP Windows 8GB RAM,8,Unknown,Available,"Sewa RDP Windows 8GB RAM
Harga: 50k / bulan",Job Board,7984,2026-02-15T10:43:40.178331
[SOLD] MacBook Air M2,2,Unknown,Sold,"[SOLD] MacBook Air M2
50",Job Board,3112,2026-02-15T10:43:44.344749
Sewa RDP Windows 8GB RAM,8,Unknown,Available,"Sewa RDP Windows 8GB RAM
Harga: 50k / bulan",Job Board,9094,2026-02-15T10:43:46.660118
Jual Akun Google Cloud,Rp 150.000,IDR,Available,"Jual Akun Google Cloud
Rp 150.000 via Dana/OVO",Marketplace 1,6464,2026-02-15T10:43:48.878111
Jual Akun Google Cloud,Rp 150.000,IDR,Available,"Jual Akun Google Cloud
Rp 150.000 via Dana/OVO",Job Board,4813,2026-02-15T10:43:51.786886
Jual Akun Google Cloud,Rp 150.000,IDR,Available,"Jual Akun Google Cloud
Rp 150.000 via Dana/OVO",Job Board,3976,2026-02-15T10:43:56.423198
Selling 100 USDT for PayPal F&F,100 USD,USD,Available,"Selling 100 USDT for PayPal F&F
Rate 1:1",Job Board,6252,2026-02-15T10:44:00.894826
Selling 100 USDT for PayPal F&F,100 USD,USD,Available,"Selling 100 USDT for PayPal F&F
Rate 1:1",Job Board,7292,2026-02-15T10:44:03.455509
Looking for Python dev,: 00,Unknown,Available,"Looking for Python dev
Budget: 00
Contact: @user123",Crypto Signals,8341,2026-02-15T10:44:07.852474
Looking for Python dev,: 00,Unknown,Available,"Looking for Python dev
Budget: 00
Contact: @user123",Crypto Signals,9923,2026-02-15T10:44:12.497986
Selling 100 USDT for PayPal F&F,100 USD,USD,Available,"Selling 100 USDT for PayPal F&F
Rate 1:1",Marketplace 1,7100,2026-02-15T10:44:15.312353
Looking for Python dev,: 00,Unknown,Available,"Looking for Python dev
Budget: 00
Contact: @user123",Job Board,8247,2026-02-15T10:44:18.152843
Sewa RDP Windows 8GB RAM,8,Unknown,Available,"Sewa RDP Windows 8GB RAM
Harga: 50k / bulan",Marketplace 1,1975,2026-02-15T10:44:20.186154
Jual Akun Google Cloud,Rp 150.000,IDR,Available,"Jual Akun Google Cloud
Rp 150.000 via Dana/OVO",Job Board,8824,2026-02-15T10:44:23.083117
Selling 100 USDT for PayPal F&F,100 USD,USD,Available,"Selling 100 USDT for PayPal F&F
Rate 1:1",Marketplace 1,6641,2026-02-15T10:44:25.990931
Selling 100 USDT for PayPal F&F,100 USD,USD,Available,"Selling 100 USDT for PayPal F&F
Rate 1:1",Marketplace 1,7674,2026-02-15T10:44:30.959624
Selling 100 USDT for PayPal F&F,100 USD,USD,Available,"Selling 100 USDT for PayPal F&F
Rate 1:1",Marketplace 1,7962,2026-02-15T10:44:34.030556
Jual Akun Google Cloud,Rp 150.000,IDR,Available,"Jual Akun Google Cloud
Rp 150.000 via Dana/OVO",Job Board,6590,2026-02-15T10:44:38.173689
Jual Akun Google Cloud,Rp 150.000,IDR,Available,"Jual Akun Google Cloud
Rp 150.000 via Dana/OVO",Crypto Signals,2962,2026-02-15T10:44:42.198077
Jual Akun Google Cloud,Rp 150.000,IDR,Available,"Jual Akun Google Cloud
Rp 150.000 via Dana/OVO",Marketplace 1,7500,2026-02-15T10:44:46.388733
[SOLD] MacBook Air M2,2,Unknown,Sold,"[SOLD] MacBook Air M2
50",Marketplace 1,3763,2026-02-15T10:44:50.499597
WTS iPhone 14 Pro Max 256GB,14,Unknown,Available,"WTS iPhone 14 Pro Max 256GB
Price: 00
Condition: Mint
DM me",Crypto Signals,6515,2026-02-15T11:38:47.310415
Looking for Python dev,: 00,Unknown,Available,"Looking for Python dev
Budget: 00
Contact: @user123",Crypto Signals,3453,2026-02-15T11:38:52.033003
Jual Akun Google Cloud,Rp 150.000,IDR,Available,"Jual Akun Google Cloud
Rp 150.000 via Dana/OVO",Marketplace 1,4828,2026-02-15T11:38:56.563119
Selling 100 USDT for PayPal F&F,100 USD,USD,Available,"Selling 100 USDT for PayPal F&F
Rate 1:1",Job Board,1557,2026-02-15T11:38:58.736730
[SOLD] MacBook Air M2,2,Unknown,Sold,"[SOLD] MacBook Air M2
50",Marketplace 1,2628,2026-02-15T11:39:02.704420
Selling 100 USDT for PayPal F&F,100 USD,USD,Available,"Selling 100 USDT for PayPal F&F
Rate 1:1",Job Board,6866,2026-02-15T11:39:04.769614
Looking for Python dev,: 00,Unknown,Available,"Looking for Python dev
Budget: 00
Contact: @user123",Marketplace 1,3394,2026-02-15T11:39:09.324483
Jual Akun Google Cloud,Rp 150.000,IDR,Available,"Jual Akun Google Cloud
Rp 150.000 via Dana/OVO",Job Board,7454,2026-02-15T11:39:13.679985
Selling 100 USDT for PayPal F&F,100 USD,USD,Available,"Selling 100 USDT for PayPal F&F
Rate 1:1",Crypto Signals,9567,2026-02-15T11:39:18.660430
Looking for Python dev,: 00,Unknown,Available,"Looking for Python dev
Budget: 00
Contact: @user123",Crypto Signals,8648,2026-02-15T11:39:20.739610
[SOLD] MacBook Air M2,N/A,Unknown,Sold,"[SOLD] MacBook Air M2
$850",Marketplace 1,4082,2026-02-15T11:39:23.557111
Selling 100 USDT for PayPal F&F,100 USD,USD,Available,"Selling 100 USDT for PayPal F&F
Rate 1:1",Marketplace 1,7064,2026-02-15T11:39:24.022366
Sewa RDP Windows 8GB RAM,50k / bulan,Unknown,Available,"Sewa RDP Windows 8GB RAM
Harga: 50k / bulan",Marketplace 1,8252,2026-02-15T11:39:28.230539
Selling 100 USDT for PayPal F&F,100 USD,USD,Available,"Selling 100 USDT for PayPal F&F
Rate 1:1",Crypto Signals,9073,2026-02-15T11:39:28.821662
Sewa RDP Windows 8GB RAM,50k / bulan,Unknown,Available,"Sewa RDP Windows 8GB RAM
Harga: 50k / bulan",Job Board,1530,2026-02-15T11:39:30.587969
WTS iPhone 14 Pro Max 256GB,14,Unknown,Available,"WTS iPhone 14 Pro Max 256GB
Price: 00
Condition: Mint
DM me",Crypto Signals,1138,2026-02-15T11:39:32.715204
Selling 100 USDT for PayPal F&F,100 USD,USD,Available,"Selling 100 USDT for PayPal F&F
Rate 1:1",Crypto Signals,8641,2026-02-15T11:39:37.246424
Looking for Python dev,: 00,Unknown,Available,"Looking for Python dev
Budget: 00
Contact: @user123",Crypto Signals,4913,2026-02-15T11:39:40.488552
Looking for Python dev,: 00,Unknown,Available,"Looking for Python dev
Budget: 00
Contact: @user123",Crypto Signals,4213,2026-02-15T11:39:43.550081
[SOLD] MacBook Air M2,2,Unknown,Sold,"[SOLD] MacBook Air M2
50",Marketplace 1,1770,2026-02-15T11:39:46.582583
[SOLD] MacBook Air M2,2,Unknown,Sold,"[SOLD] MacBook Air M2
50",Marketplace 1,4982,2026-02-15T11:39:50.547342
WTS iPhone 14 Pro Max 256GB,14,Unknown,Available,"WTS iPhone 14 Pro Max 256GB
Price: 00
Condition: Mint
DM me",Job Board,2327,2026-02-15T11:39:54.822452
WTS iPhone 14 Pro Max 256GB,14,Unknown,Available,"WTS iPhone 14 Pro Max 256GB
Price: 00
Condition: Mint
DM me",Job Board,4943,2026-02-15T11:39:58.506986
WTS iPhone 14 Pro Max 256GB,14,Unknown,Available,"WTS iPhone 14 Pro Max 256GB
Price: 00
Condition: Mint
DM me",Crypto Signals,1395,2026-02-15T11:40:02.137341
Selling 100 USDT for PayPal F&F,100 USD,USD,Available,"Selling 100 USDT for PayPal F&F
Rate 1:1",Marketplace 1,9040,2026-02-15T11:40:04.396083
Sewa RDP Windows 8GB RAM,8,Unknown,Available,"Sewa RDP Windows 8GB RAM
Harga: 50k / bulan",Marketplace 1,6132,2026-02-15T11:40:08.602898
Sewa RDP Windows 8GB RAM,8,Unknown,Available,"Sewa RDP Windows 8GB RAM
Harga: 50k / bulan",Job Board,6722,2026-02-15T11:40:11.821877
Looking for Python dev,: 00,Unknown,Available,"Looking for Python dev
Budget: 00
Contact: @user123",Crypto Signals,3952,2026-02-15T11:40:14.002511
Selling 100 USDT for PayPal F&F,100 USD,USD,Available,"Selling 100 USDT for PayPal F&F
Rate 1:1",Job Board,7979,2026-02-15T11:40:18.123265
Selling 100 USDT for PayPal F&F,100 USD,USD,Available,"Selling 100 USDT for PayPal F&F
Rate 1:1",Crypto Signals,3420,2026-02-15T11:40:22.197235
Sewa RDP Windows 8GB RAM,8,Unknown,Available,"Sewa RDP Windows 8GB RAM
Harga: 50k / bulan",Job Board,1344,2026-02-15T11:40:25.881728
Sewa RDP Windows 8GB RAM,8,Unknown,Available,"Sewa RDP Windows 8GB RAM
Harga: 50k / bulan",Crypto Signals,8342,2026-02-15T11:40:29.293790
[SOLD] MacBook Air M2,2,Unknown,Sold,"[SOLD] MacBook Air M2
50",Marketplace 1,1297,2026-02-15T11:40:33.246353
[SOLD] MacBook Air M2,2,Unknown,Sold,"[SOLD] MacBook Air M2
50",Job Board,2618,2026-02-15T11:40:36.641345
Looking for Python dev,: 00,Unknown,Available,"Looking for Python dev
Budget: 00
Contact: @user123",Job Board,9884,2026-02-15T11:40:38.701245
Jual Akun Google Cloud,Rp 150.000,IDR,Available,"Jual Akun Google Cloud
Rp 150.000 via Dana/OVO",Crypto Signals,7096,2026-02-15T11:40:42.773385
Selling 100 USDT for PayPal F&F,100 USD,USD,Available,"Selling 100 USDT for PayPal F&F
Rate 1:1",Job Board,5000,2026-02-15T11:40:47.469504
Looking for Python dev,: 00,Unknown,Available,"Looking for Python dev
Budget: 00
Contact: @user123",Job Board,9586,2026-02-15T11:40:51.189880
WTS iPhone 14 Pro Max 256GB,14,Unknown,Available,"WTS iPhone 14 Pro Max 256GB
Price: 00
Condition: Mint
DM me",Job Board,6308,2026-02-15T11:40:53.646956
[SOLD] MacBook Air M2,2,Unknown,Sold,"[SOLD] MacBook Air M2
50",Marketplace 1,6093,2026-02-15T11:40:57.732701
[SOLD] MacBook Air M2,2,Unknown,Sold,"[SOLD] MacBook Air M2
50",Crypto Signals,2285,2026-02-15T11:41:02.511657
Sewa RDP Windows 8GB RAM,8,Unknown,Available,"Sewa RDP Windows 8GB RAM
Harga: 50k / bulan",Crypto Signals,4340,2026-02-15T11:41:05.968698
Selling 100 USDT for PayPal F&F,100 USD,USD,Available,"Selling 100 USDT for PayPal F&F
Rate 1:1",Crypto Signals,1457,2026-02-15T11:41:10.416975
[SOLD] MacBook Air M2,2,Unknown,Sold,"[SOLD] MacBook Air M2
50",Job Board,7693,2026-02-15T11:41:15.280209
[SOLD] MacBook Air M2,2,Unknown,Sold,"[SOLD] MacBook Air M2
50",Marketplace 1,8527,2026-02-15T11:41:20.022346
Jual Akun Google Cloud,Rp 150.000,IDR,Available,"Jual Akun Google Cloud
Rp 150.000 via Dana/OVO",Job Board,3794,2026-02-15T11:41:23.238963
Sewa RDP Windows 8GB RAM,8,Unknown,Available,"Sewa RDP Windows 8GB RAM
Harga: 50k / bulan",Marketplace 1,8977,2026-02-15T11:41:27.212029
[SOLD] MacBook Air M2,2,Unknown,Sold,"[SOLD] MacBook Air M2
50",Marketplace 1,1991,2026-02-15T11:41:30.049159
Jual Akun Google Cloud,Rp 150.000,IDR,Available,"Jual Akun Google Cloud
Rp 150.000 via Dana/OVO",Job Board,7542,2026-02-15T11:41:34.745163
Sewa RDP Windows 8GB RAM,8,Unknown,Available,"Sewa RDP Windows 8GB RAM
Harga: 50k / bulan",Crypto Signals,4853,2026-02-15T11:41:38.968324
Jual Akun Google Cloud,Rp 150.000,IDR,Available,"Jual Akun Google Cloud
Rp 150.000 via Dana/OVO",Marketplace 1,3209,2026-02-15T11:41:42.430849
[SOLD] MacBook Air M2,2,Unknown,Sold,"[SOLD] MacBook Air M2
50",Crypto Signals,9263,2026-02-15T11:41:46.372903
Selling 100 USDT for PayPal F&F,100 USD,USD,Available,"Selling 100 USDT for PayPal F&F
Rate 1:1",Job Board,3358,2026-02-15T11:41:50.112279
Selling 100 USDT for PayPal F&F,100 USD,USD,Available,"Selling 100 USDT for PayPal F&F
Rate 1:1",Crypto Signals,5016,2026-02-15T11:41:52.120048
WTS iPhone 14 Pro Max 256GB,14,Unknown,Available,"WTS iPhone 14 Pro Max 256GB
Price: 00
Condition: Mint
DM me",Crypto Signals,4332,2026-02-15T11:41:56.065430
Sewa RDP Windows 8GB RAM,8,Unknown,Available,"Sewa RDP Windows 8GB RAM
Harga: 50k / bulan",Marketplace 1,5830,2026-02-15T11:41:58.825859
Looking for Python dev,: 00,Unknown,Available,"Looking for Python dev
Budget: 00
Contact: @user123",Job Board,6096,2026-02-15T11:42:01.661316
Jual Akun Google Cloud,Rp 150.000,IDR,Available,"Jual Akun Google Cloud
Rp 150.000 via Dana/OVO",Job Board,4844,2026-02-15T11:42:03.836171
[SOLD] MacBook Air M2,2,Unknown,Sold,"[SOLD] MacBook Air M2
50",Marketplace 1,4153,2026-02-15T11:42:08.149116
Jual Akun Google Cloud,Rp 150.000,IDR,Available,"Jual Akun Google Cloud
Rp 150.000 via Dana/OVO",Marketplace 1,1939,2026-02-15T11:42:11.473353
Jual Akun Google Cloud,Rp 150.000,IDR,Available,"Jual Akun Google Cloud
Rp 150.000 via Dana/OVO",Job Board,6203,2026-02-15T11:42:15.199919
Jual Akun Google Cloud,Rp 150.000,IDR,Available,"Jual Akun Google Cloud
Rp 150.000 via Dana/OVO",Job Board,5540,2026-02-15T11:42:19.937601
Jual Akun Google Cloud,Rp 150.000,IDR,Available,"Jual Akun Google Cloud
Rp 150.000 via Dana/OVO",Marketplace 1,9127,2026-02-15T23:54:04.283502
[SOLD] MacBook Air M2,2,Unknown,Sold,"[SOLD] MacBook Air M2
50",Crypto Signals,3508,2026-02-15T23:54:09.381053
Selling 100 USDT for PayPal F&F,100 USD,USD,Available,"Selling 100 USDT for PayPal F&F
Rate 1:1",Crypto Signals,7209,2026-02-15T23:54:12.153646
Sewa RDP Windows 8GB RAM,8,Unknown,Available,"Sewa RDP Windows 8GB RAM
Harga: 50k / bulan",Crypto Signals,2644,2026-02-15T23:54:16.743276
Jual Akun Google Cloud,Rp 150.000,IDR,Available,"Jual Akun Google Cloud
Rp 150.000 via Dana/OVO",Crypto Signals,7566,2026-02-15T23:54:19.885208
Looking for Python dev,: 00,Unknown,Available,"Looking for Python dev
Budget: 00
Contact: @user123",Job Board,9269,2026-02-15T23:54:24.826153
Selling 100 USDT for PayPal F&F,100 USD,USD,Available,"Selling 100 USDT for PayPal F&F
Rate 1:1",Crypto Signals,8699,2026-02-15T23:54:29.801571
Sewa RDP Windows 8GB RAM,8,Unknown,Available,"Sewa RDP Windows 8GB RAM
Harga: 50k / bulan",Marketplace 1,7782,2026-02-15T23:54:32.031128
WTS iPhone 14 Pro Max 256GB,14,Unknown,Available,"WTS iPhone 14 Pro Max 256GB
Price: 00
Condition: Mint
DM me",Marketplace 1,9529,2026-02-15T23:54:34.081355
[SOLD] MacBook Air M2,2,Unknown,Sold,"[SOLD] MacBook Air M2
50",Crypto Signals,6832,2026-02-15T23:54:36.969468
[SOLD] MacBook Air M2,2,Unknown,Sold,"[SOLD] MacBook Air M2
50",Job Board,3959,2026-02-15T23:54:39.578573
Sewa RDP Windows 8GB RAM,8,Unknown,Available,"Sewa RDP Windows 8GB RAM
Harga: 50k / bulan",Crypto Signals,2497,2026-02-15T23:54:42.772696
[SOLD] MacBook Air M2,2,Unknown,Sold,"[SOLD] MacBook Air M2
50",Job Board,4193,2026-02-15T23:54:46.046146
Sewa RDP Windows 8GB RAM,8,Unknown,Available,"Sewa RDP Windows 8GB RAM
Harga: 50k / bulan",Job Board,9362,2026-02-15T23:54:50.402438
Sewa RDP Windows 8GB RAM,8,Unknown,Available,"Sewa RDP Windows 8GB RAM
Harga: 50k / bulan",Job Board,4762,2026-02-15T23:54:54.230664
Jual Akun Google Cloud,Rp 150.000,IDR,Available,"Jual Akun Google Cloud
Rp 150.000 via Dana/OVO",Marketplace 1,2939,2026-02-15T23:54:59.022379
Jual Akun Google Cloud,Rp 150.000,IDR,Available,"Jual Akun Google Cloud
Rp 150.000 via Dana/OVO",Marketplace 1,3987,2026-02-15T23:55:02.151808
WTS iPhone 14 Pro Max 256GB,14,Unknown,Available,"WTS iPhone 14 Pro Max 256GB
Price: 00
Condition: Mint
DM me",Marketplace 1,4530,2026-02-15T23:55:07.065511
WTS iPhone 14 Pro Max 256GB,14,Unknown,Available,"WTS iPhone 14 Pro Max 256GB
Price: 00
Condition: Mint
DM me",Marketplace 1,7047,2026-02-15T23:55:10.460735
[SOLD] MacBook Air M2,2,Unknown,Sold,"[SOLD] MacBook Air M2
50",Crypto Signals,2901,2026-02-15T23:55:13.870518
[SOLD] MacBook Air M2,2,Unknown,Sold,"[SOLD] MacBook Air M2
50",Crypto Signals,9978,2026-02-15T23:55:18.707156
Looking for Python dev,: 00,Unknown,Available,"Looking for Python dev
Budget: 00
Contact: @user123",Marketplace 1,6674,2026-02-15T23:55:21.926284
Jual Akun Google Cloud,Rp 150.000,IDR,Available,"Jual Akun Google Cloud
Rp 150.000 via Dana/OVO",Job Board,8327,2026-02-15T23:55:24.780460
[SOLD] MacBook Air M2,2,Unknown,Sold,"[SOLD] MacBook Air M2
50",Crypto Signals,7850,2026-02-15T23:55:29.700099
Sewa RDP Windows 8GB RAM,8,Unknown,Available,"Sewa RDP Windows 8GB RAM
Harga: 50k / bulan",Crypto Signals,9116,2026-02-15T23:55:32.866393
Jual Akun Google Cloud,Rp 150.000,IDR,Available,"Jual Akun Google Cloud
Rp 150.000 via Dana/OVO",Job Board,9093,2026-02-15T23:55:36.404078
Looking for Python dev,: 00,Unknown,Available,"Looking for Python dev
Budget: 00
Contact: @user123",Job Board,1194,2026-02-15T23:55:41.288010
Jual Akun Google Cloud,Rp 150.000,IDR,Available,"Jual Akun Google Cloud
Rp 150.000 via Dana/OVO",Marketplace 1,2077,2026-02-15T23:55:44.674412
Looking for Python dev,: 00,Unknown,Available,"Looking for Python dev
Budget: 00
Contact: @user123",Marketplace 1,4890,2026-02-15T23:55:49.627925
Jual Akun Google Cloud,Rp 150.000,IDR,Available,"Jual Akun Google Cloud
Rp 150.000 via Dana/OVO",Crypto Signals,6236,2026-02-15T23:55:53.395266
[SOLD] MacBook Air M2,2,Unknown,Sold,"[SOLD] MacBook Air M2
50",Crypto Signals,7546,2026-02-15T23:55:56.402833
Selling 100 USDT for PayPal F&F,100 USD,USD,Available,"Selling 100 USDT for PayPal F&F
Rate 1:1",Marketplace 1,2794,2026-02-15T23:55:58.534216
Looking for Python dev,: 00,Unknown,Available,"Looking for Python dev
Budget: 00
Contact: @user123",Marketplace 1,3224,2026-02-15T23:56:03.511024
Jual Akun Google Cloud,Rp 150.000,IDR,Available,"Jual Akun Google Cloud
Rp 150.000 via Dana/OVO",Job Board,7786,2026-02-15T23:56:06.479438
Jual Akun Google Cloud,Rp 150.000,IDR,Available,"Jual Akun Google Cloud
Rp 150.000 via Dana/OVO",Marketplace 1,7510,2026-02-15T23:56:08.933287
[SOLD] MacBook Air M2,2,Unknown,Sold,"[SOLD] MacBook Air M2
50",Crypto Signals,4804,2026-02-15T23:56:11.965399
WTS iPhone 14 Pro Max 256GB,14,Unknown,Available,"WTS iPhone 14 Pro Max 256GB
Price: 00
Condition: Mint
DM me",Job Board,3915,2026-02-15T23:56:16.752554
[SOLD] MacBook Air M2,2,Unknown,Sold,"[SOLD] MacBook Air M2
50",Marketplace 1,7318,2026-02-15T23:56:20.992047
Looking for Python dev,: 00,Unknown,Available,"Looking for Python dev
Budget: 00
Contact: @user123",Marketplace 1,1271,2026-02-15T23:56:24.474720
Jual Akun Google Cloud,Rp 150.000,IDR,Available,"Jual Akun Google Cloud
Rp 150.000 via Dana/OVO",Marketplace 1,1004,2026-02-15T23:56:27.764138
Sewa RDP Windows 8GB RAM,8,Unknown,Available,"Sewa RDP Windows 8GB RAM
Harga: 50k / bulan",Marketplace 1,3248,2026-02-15T23:56:32.009385
Looking for Python dev,: 00,Unknown,Available,"Looking for Python dev
Budget: 00
Contact: @user123",Marketplace 1,2527,2026-02-15T23:56:36.146508
Sewa RDP Windows 8GB RAM,8,Unknown,Available,"Sewa RDP Windows 8GB RAM
Harga: 50k / bulan",Job Board,5656,2026-02-15T23:56:39.188628
Selling 100 USDT for PayPal F&F,100 USD,USD,Available,"Selling 100 USDT for PayPal F&F
Rate 1:1",Crypto Signals,3043,2026-02-15T23:56:42.211402
Sewa RDP Windows 8GB RAM,8,Unknown,Available,"Sewa RDP Windows 8GB RAM
Harga: 50k / bulan",Crypto Signals,1729,2026-02-15T23:56:44.322727
Sewa RDP Windows 8GB RAM,8,Unknown,Available,"Sewa RDP Windows 8GB RAM
Harga: 50k / bulan",Marketplace 1,2149,2026-02-15T23:56:48.858465
Looking for Python dev,: 00,Unknown,Available,"Looking for Python dev
Budget: 00
Contact: @user123",Job Board,3919,2026-02-15T23:56:52.870409
[SOLD] MacBook Air M2,2,Unknown,Sold,"[SOLD] MacBook Air M2
50",Job Board,5389,2026-02-15T23:56:56.581800
Looking for Python dev,: 00,Unknown,Available,"Looking for Python dev
Budget: 00
Contact: @user123",Marketplace 1,4763,2026-02-15T23:57:00.603469
[SOLD] MacBook Air M2,2,Unknown,Sold,"[SOLD] MacBook Air M2
50",Job Board,8381,2026-02-15T23:57:02.725293
[SOLD] MacBook Air M2,2,Unknown,Sold,"[SOLD] MacBook Air M2
50",Crypto Signals,3248,2026-02-15T23:57:05.230381
Looking for Python dev,: 00,Unknown,Available,"Looking for Python dev
Budget: 00
Contact: @user123",Job Board,5258,2026-02-15T23:57:07.428519
WTS iPhone 14 Pro Max 256GB,14,Unknown,Available,"WTS iPhone 14 Pro Max 256GB
Price: 00
Condition: Mint
DM me",Crypto Signals,9883,2026-02-15T23:57:10.169085
[SOLD] MacBook Air M2,2,Unknown,Sold,"[SOLD] MacBook Air M2
50",Marketplace 1,4218,2026-02-15T23:57:13.161754
Selling 100 USDT for PayPal F&F,100 USD,USD,Available,"Selling 100 USDT for PayPal F&F
Rate 1:1",Job Board,5085,2026-02-15T23:57:15.937540
Sewa RDP Windows 8GB RAM,8,Unknown,Available,"Sewa RDP Windows 8GB RAM
Harga: 50k / bulan",Marketplace 1,4669,2026-02-15T23:57:18.552671
Jual Akun Google Cloud,Rp 150.000,IDR,Available,"Jual Akun Google Cloud
Rp 150.000 via Dana/OVO",Crypto Signals,6970,2026-02-15T23:57:20.775448
Jual Akun Google Cloud,Rp 150.000,IDR,Available,"Jual Akun Google Cloud
Rp 150.000 via Dana/OVO",Job Board,5985,2026-02-15T23:57:22.832190
Sewa RDP Windows 8GB RAM,8,Unknown,Available,"Sewa RDP Windows 8GB RAM
Harga: 50k / bulan",Crypto Signals,8842,2026-02-16T00:11:35.864949
Selling 100 USDT for PayPal F&F,100 USD,USD,Available,"Selling 100 USDT for PayPal F&F
Rate 1:1",Marketplace 1,5879,2026-02-16T00:11:39.455362
Jual Akun Google Cloud,Rp 150.000,IDR,Available,"Jual Akun Google Cloud
Rp 150.000 via Dana/OVO",Job Board,7739,2026-02-16T00:11:42.609692
[SOLD] MacBook Air M2,2,Unknown,Sold,"[SOLD] MacBook Air M2
50",Marketplace 1,1618,2026-02-16T00:11:45.257552
[SOLD] MacBook Air M2,2,Unknown,Sold,"[SOLD] MacBook Air M2
50",Crypto Signals,3976,2026-02-16T00:11:47.379306
Jual Akun Google Cloud,Rp 150.000,IDR,Available,"Jual Akun Google Cloud
Rp 150.000 via Dana/OVO",Job Board,1239,2026-02-16T00:11:50.773287
Sewa RDP Windows 8GB RAM,8,Unknown,Available,"Sewa RDP Windows 8GB RAM
Harga: 50k / bulan",Job Board,6627,2026-02-16T00:11:55.480142
Looking for Python dev,: 00,Unknown,Available,"Looking for Python dev
Budget: 00
Contact: @user123",Crypto Signals,2634,2026-02-16T00:11:59.239483
Looking for Python dev,: 00,Unknown,Available,"Looking for Python dev
Budget: 00
Contact: @user123",Crypto Signals,4838,2026-02-16T00:12:03.982629
Jual Akun Google Cloud,Rp 150.000,IDR,Available,"Jual Akun Google Cloud
Rp 150.000 via Dana/OVO",Job Board,2624,2026-02-16T00:12:06.887213
Selling 100 USDT for PayPal F&F,100 USD,USD,Available,"Selling 100 USDT for PayPal F&F
Rate 1:1",Job Board,9077,2026-02-16T00:12:11.229769
Jual Akun Google Cloud,Rp 150.000,IDR,Available,"Jual Akun Google Cloud
Rp 150.000 via Dana/OVO",Marketplace 1,6408,2026-02-16T00:12:15.096931
Selling 100 USDT for PayPal F&F,100 USD,USD,Available,"Selling 100 USDT for PayPal F&F
Rate 1:1",Crypto Signals,3555,2026-02-16T00:12:19.540964
Jual Akun Google Cloud,Rp 150.000,IDR,Available,"Jual Akun Google Cloud
Rp 150.000 via Dana/OVO",Job Board,6557,2026-02-16T00:12:22.165490
Jual Akun Google Cloud,Rp 150.000,IDR,Available,"Jual Akun Google Cloud
Rp 150.000 via Dana/OVO",Crypto Signals,2533,2026-02-16T00:12:25.124659
WTS iPhone 14 Pro Max 256GB,14,Unknown,Available,"WTS iPhone 14 Pro Max 256GB
Price: 00
Condition: Mint
DM me",Job Board,4800,2026-02-16T00:12:28.592127
Jual Akun Google Cloud,Rp 150.000,IDR,Available,"Jual Akun Google Cloud
Rp 150.000 via Dana/OVO",Job Board,2852,2026-02-16T00:12:32.181514
Jual Akun Google Cloud,Rp 150.000,IDR,Available,"Jual Akun Google Cloud
Rp 150.000 via Dana/OVO",Crypto Signals,6802,2026-02-16T00:12:34.395381
WTS iPhone 14 Pro Max 256GB,14,Unknown,Available,"WTS iPhone 14 Pro Max 256GB
Price: 00
Condition: Mint
DM me",Job Board,2975,2026-02-16T00:12:37.561011
Selling 100 USDT for PayPal F&F,100 USD,USD,Available,"Selling 100 USDT for PayPal F&F
Rate 1:1",Crypto Signals,2579,2026-02-16T00:12:41.350201
[SOLD] MacBook Air M2,2,Unknown,Sold,"[SOLD] MacBook Air M2
50",Marketplace 1,1885,2026-02-16T00:12:44.445968
Jual Akun Google Cloud,Rp 150.000,IDR,Available,"Jual Akun Google Cloud
Rp 150.000 via Dana/OVO",Crypto Signals,4557,2026-02-16T00:12:46.849056
WTS iPhone 14 Pro Max 256GB,14,Unknown,Available,"WTS iPhone 14 Pro Max 256GB
Price: 00
Condition: Mint
DM me",Job Board,6652,2026-02-16T00:12:51.744769
Selling 100 USDT for PayPal F&F,100 USD,USD,Available,"Selling 100 USDT for PayPal F&F
Rate 1:1",Job Board,7938,2026-02-16T00:12:53.910057
Selling 100 USDT for PayPal F&F,100 USD,USD,Available,"Selling 100 USDT for PayPal F&F
Rate 1:1",Marketplace 1,1948,2026-02-16T00:12:57.822562
Looking for Python dev,: 00,Unknown,Available,"Looking for Python dev
Budget: 00
Contact: @user123",Job Board,9468,2026-02-16T00:13:01.908447
Looking for Python dev,: 00,Unknown,Available,"Looking for Python dev
Budget: 00
Contact: @user123",Crypto Signals,4196,2026-02-16T00:13:06.549461
Looking for Python dev,: 00,Unknown,Available,"Looking for Python dev
Budget: 00
Contact: @user123",Crypto Signals,9539,2026-02-16T00:13:08.692911
WTS iPhone 14 Pro Max 256GB,14,Unknown,Available,"WTS iPhone 14 Pro Max 256GB
Price: 00
Condition: Mint
DM me",Crypto Signals,7539,2026-02-16T00:13:10.764926
[SOLD] MacBook Air M2,2,Unknown,Sold,"[SOLD] MacBook Air M2
50",Job Board,7260,2026-02-16T00:13:15.093753
Selling 100 USDT for PayPal F&F,100 USD,USD,Available,"Selling 100 USDT for PayPal F&F
Rate 1:1",Marketplace 1,4727,2026-02-16T00:13:19.743797
Jual Akun Google Cloud,Rp 150.000,IDR,Available,"Jual Akun Google Cloud
Rp 150.000 via Dana/OVO",Marketplace 1,6689,2026-02-16T00:13:24.302343
WTS iPhone 14 Pro Max 256GB,14,Unknown,Available,"WTS iPhone 14 Pro Max 256GB
Price: 00
Condition: Mint
DM me",Crypto Signals,3240,2026-02-16T00:13:26.940384
Selling 100 USDT for PayPal F&F,100 USD,USD,Available,"Selling 100 USDT for PayPal F&F
Rate 1:1",Marketplace 1,7048,2026-02-16T00:13:31.006910
WTS iPhone 14 Pro Max 256GB,14,Unknown,Available,"WTS iPhone 14 Pro Max 256GB
Price: 00
Condition: Mint
DM me",Job Board,3081,2026-02-16T00:13:35.977054
Looking for Python dev,: 00,Unknown,Available,"Looking for Python dev
Budget: 00
Contact: @user123",Marketplace 1,6046,2026-02-16T00:13:38.842231
[SOLD] MacBook Air M2,2,Unknown,Sold,"[SOLD] MacBook Air M2
50",Crypto Signals,5632,2026-02-16T00:13:43.645578
[SOLD] MacBook Air M2,2,Unknown,Sold,"[SOLD] MacBook Air M2
50",Marketplace 1,2000,2026-02-16T00:13:48.471259
Sewa RDP Windows 8GB RAM,8,Unknown,Available,"Sewa RDP Windows 8GB RAM
Harga: 50k / bulan",Crypto Signals,1093,2026-02-16T00:13:50.872099
Selling 100 USDT for PayPal F&F,100 USD,USD,Available,"Selling 100 USDT for PayPal F&F
Rate 1:1",Crypto Signals,3698,2026-02-16T00:13:54.579870
Looking for Python dev,: 00,Unknown,Available,"Looking for Python dev
Budget: 00
Contact: @user123",Job Board,2476,2026-02-16T00:13:59.407207
Looking for Python dev,: 00,Unknown,Available,"Looking for Python dev
Budget: 00
Contact: @user123",Marketplace 1,5116,2026-02-16T00:14:02.891315
Looking for Python dev,: 00,Unknown,Available,"Looking for Python dev
Budget: 00
Contact: @user123",Marketplace 1,8269,2026-02-16T00:14:07.708979
Selling 100 USDT for PayPal F&F,100 USD,USD,Available,"Selling 100 USDT for PayPal F&F
Rate 1:1",Job Board,9007,2026-02-16T00:14:10.354954
Selling 100 USDT for PayPal F&F,100 USD,USD,Available,"Selling 100 USDT for PayPal F&F
Rate 1:1",Job Board,3217,2026-02-16T00:14:14.558141
WTS iPhone 14 Pro Max 256GB,14,Unknown,Available,"WTS iPhone 14 Pro Max 256GB
Price: 00
Condition: Mint
DM me",Job Board,5774,2026-02-16T00:14:19.021181
Sewa RDP Windows 8GB RAM,8,Unknown,Available,"Sewa RDP Windows 8GB RAM
Harga: 50k / bulan",Marketplace 1,1135,2026-02-16T00:14:21.904955
Sewa RDP Windows 8GB RAM,8,Unknown,Available,"Sewa RDP Windows 8GB RAM
Harga: 50k / bulan",Marketplace 1,8285,2026-02-16T00:14:25.668875
Selling 100 USDT for PayPal F&F,100 USD,USD,Available,"Selling 100 USDT for PayPal F&F
Rate 1:1",Marketplace 1,3149,2026-02-16T00:14:28.616684
[SOLD] MacBook Air M2,2,Unknown,Sold,"[SOLD] MacBook Air M2
50",Job Board,5553,2026-02-16T00:14:32.714921
Jual Akun Google Cloud,Rp 150.000,IDR,Available,"Jual Akun Google Cloud
Rp 150.000 via Dana/OVO",Crypto Signals,9276,2026-02-16T00:14:36.039052
Looking for Python dev,: 00,Unknown,Available,"Looking for Python dev
Budget: 00
Contact: @user123",Crypto Signals,8731,2026-02-16T00:14:38.579513
Jual Akun Google Cloud,Rp 150.000,IDR,Available,"Jual Akun Google Cloud
Rp 150.000 via Dana/OVO",Marketplace 1,9948,2026-02-16T00:14:42.934714
Looking for Python dev,: 00,Unknown,Available,"Looking for Python dev
Budget: 00
Contact: @user123",Job Board,8964,2026-02-16T00:14:47.868827
[SOLD] MacBook Air M2,2,Unknown,Sold,"[SOLD] MacBook Air M2
50",Job Board,5972,2026-02-16T00:14:52.236029
Selling 100 USDT for PayPal F&F,100 USD,USD,Available,"Selling 100 USDT for PayPal F&F
Rate 1:1",Crypto Signals,1078,2026-02-16T00:14:57.100935
[SOLD] MacBook Air M2,2,Unknown,Sold,"[SOLD] MacBook Air M2
50",Marketplace 1,9195,2026-02-16T00:14:59.943194
[SOLD] MacBook Air M2,2,Unknown,Sold,"[SOLD] MacBook Air M2
50",Job Board,6911,2026-02-16T00:15:02.430627
WTS iPhone 14 Pro Max 256GB,14,Unknown,Available,"WTS iPhone 14 Pro Max 256GB
Price: 00
Condition: Mint
DM me",Marketplace 1,5803,2026-02-16T00:15:06.848992
Jual Akun Google Cloud,Rp 150.000,IDR,Available,"Jual Akun Google Cloud
Rp 150.000 via Dana/OVO",Crypto Signals,7260,2026-02-16T00:15:09.169006
WTS iPhone 14 Pro Max 256GB,14,Unknown,Available,"WTS iPhone 14 Pro Max 256GB
Price: 00
Condition: Mint
DM me",Job Board,2060,2026-02-16T00:15:13.110766
Sewa RDP Windows 8GB RAM,8,Unknown,Available,"Sewa RDP Windows 8GB RAM
Harga: 50k / bulan",Crypto Signals,3766,2026-02-16T00:15:16.075710
WTS iPhone 14 Pro Max 256GB,14,Unknown,Available,"WTS iPhone 14 Pro Max 256GB
Price: 00
Condition: Mint
DM me",Crypto Signals,9936,2026-02-16T00:15:20.759345
Sewa RDP Windows 8GB RAM,8,Unknown,Available,"Sewa RDP Windows 8GB RAM
Harga: 50k / bulan",Job Board,4203,2026-02-16T00:15:23.461568
Selling 100 USDT for PayPal F&F,100 USD,USD,Available,"Selling 100 USDT for PayPal F&F
Rate 1:1",Job Board,3039,2026-02-16T00:15:27.603768
Looking for Python dev,: 00,Unknown,Available,"Looking for Python dev
Budget: 00
Contact: @user123",Job Board,4084,2026-02-16T00:15:32.572956
Sewa RDP Windows 8GB RAM,8,Unknown,Available,"Sewa RDP Windows 8GB RAM
Harga: 50k / bulan",Marketplace 1,5455,2026-02-16T00:15:34.940197
Sewa RDP Windows 8GB RAM,8,Unknown,Available,"Sewa RDP Windows 8GB RAM
Harga: 50k / bulan",Job Board,3254,2026-02-16T00:15:39.652231
Selling 100 USDT for PayPal F&F,100 USD,USD,Available,"Selling 100 USDT for PayPal F&F
Rate 1:1",Job Board,7843,2026-02-16T00:15:42.017547
Jual Akun Google Cloud,Rp 150.000,IDR,Available,"Jual Akun Google Cloud
Rp 150.000 via Dana/OVO",Marketplace 1,5399,2026-02-16T00:15:46.144927
Selling 100 USDT for PayPal F&F,100 USD,USD,Available,"Selling 100 USDT for PayPal F&F
Rate 1:1",Marketplace 1,4372,2026-02-16T00:15:49.211277
Looking for Python dev,: 00,Unknown,Available,"Looking for Python dev
Budget: 00
Contact: @user123",Crypto Signals,4840,2026-02-16T00:15:51.973088
Sewa RDP Windows 8GB RAM,8,Unknown,Available,"Sewa RDP Windows 8GB RAM
Harga: 50k / bulan",Crypto Signals,6388,2026-02-16T00:15:56.157918
Looking for Python dev,: 00,Unknown,Available,"Looking for Python dev
Budget: 00
Contact: @user123",Job Board,9616,2026-02-16T00:16:00.083179
[SOLD] MacBook Air M2,2,Unknown,Sold,"[SOLD] MacBook Air M2
50",Marketplace 1,9510,2026-02-16T00:16:02.750073
[SOLD] MacBook Air M2,2,Unknown,Sold,"[SOLD] MacBook Air M2
50",Job Board,1426,2026-02-16T00:16:07.536659
Looking for Python dev,: 00,Unknown,Available,"Looking for Python dev
Budget: 00
Contact: @user123",Job Board,2411,2026-02-16T00:16:10.591585
Jual Akun Google Cloud,Rp 150.000,IDR,Available,"Jual Akun Google Cloud
Rp 150.000 via Dana/OVO",Crypto Signals,3739,2026-02-16T00:16:15.475495
WTS iPhone 14 Pro Max 256GB,14,Unknown,Available,"WTS iPhone 14 Pro Max 256GB
Price: 00
Condition: Mint
DM me",Marketplace 1,2991,2026-02-16T00:16:18.651238
Jual Akun Google Cloud,Rp 150.000,IDR,Available,"Jual Akun Google Cloud
Rp 150.000 via Dana/OVO",Job Board,3888,2026-02-16T00:49:09.523418
Looking for Python dev,: 00,Unknown,Available,"Looking for Python dev
Budget: 00
Contact: @user123",Crypto Signals,2885,2026-02-16T00:49:12.829807
[SOLD] MacBook Air M2,2,Unknown,Sold,"[SOLD] MacBook Air M2
50",Job Board,1654,2026-02-16T00:49:17.604789
Selling 100 USDT for PayPal F&F,100 USD,USD,Available,"Selling 100 USDT for PayPal F&F
Rate 1:1",Job Board,8176,2026-02-16T00:49:21.695604
[SOLD] MacBook Air M2,2,Unknown,Sold,"[SOLD] MacBook Air M2
50",Job Board,2825,2026-02-16T00:49:26.373930
Sewa RDP Windows 8GB RAM,8,Unknown,Available,"Sewa RDP Windows 8GB RAM
Harga: 50k / bulan",Marketplace 1,3034,2026-02-16T00:49:29.395327
WTS iPhone 14 Pro Max 256GB,14,Unknown,Available,"WTS iPhone 14 Pro Max 256GB
Price: 00
Condition: Mint
DM me",Job Board,9085,2026-02-16T00:49:34.304579
Sewa RDP Windows 8GB RAM,8,Unknown,Available,"Sewa RDP Windows 8GB RAM
Harga: 50k / bulan",Marketplace 1,2955,2026-02-16T00:49:38.719471
Jual Akun Google Cloud,Rp 150.000,IDR,Available,"Jual Akun Google Cloud
Rp 150.000 via Dana/OVO",Job Board,9547,2026-02-16T00:49:42.981619
Jual Akun Google Cloud,Rp 150.000,IDR,Available,"Jual Akun Google Cloud
Rp 150.000 via Dana/OVO",Marketplace 1,7269,2026-02-16T00:49:45.012400
Sewa RDP Windows 8GB RAM,8,Unknown,Available,"Sewa RDP Windows 8GB RAM
Harga: 50k / bulan",Marketplace 1,5717,2026-02-16T00:49:49.586260
Looking for Python dev,: 00,Unknown,Available,"Looking for Python dev
Budget: 00
Contact: @user123",Crypto Signals,5383,2026-02-16T00:49:54.051485
[SOLD] MacBook Air M2,2,Unknown,Sold,"[SOLD] MacBook Air M2
50",Crypto Signals,1874,2026-02-16T00:49:56.680283
Jual Akun Google Cloud,Rp 150.000,IDR,Available,"Jual Akun Google Cloud
Rp 150.000 via Dana/OVO",Crypto Signals,4779,2026-02-16T00:50:01.015789
Looking for Python dev,: 00,Unknown,Available,"Looking for Python dev
Budget: 00
Contact: @user123",Job Board,6181,2026-02-16T00:50:03.786472
[SOLD] MacBook Air M2,2,Unknown,Sold,"[SOLD] MacBook Air M2
50",Job Board,1625,2026-02-16T00:50:07.099439
WTS iPhone 14 Pro Max 256GB,14,Unknown,Available,"WTS iPhone 14 Pro Max 256GB
Price: 00
Condition: Mint
DM me",Marketplace 1,3946,2026-02-16T00:50:11.723191
[SOLD] MacBook Air M2,2,Unknown,Sold,"[SOLD] MacBook Air M2
50",Crypto Signals,1645,2026-02-16T00:50:13.805921
WTS iPhone 14 Pro Max 256GB,14,Unknown,Available,"WTS iPhone 14 Pro Max 256GB
Price: 00
Condition: Mint
DM me",Crypto Signals,7239,2026-02-16T00:50:16.427498
Looking for Python dev,: 00,Unknown,Available,"Looking for Python dev
Budget: 00
Contact: @user123",Crypto Signals,2148,2026-02-16T00:50:20.048003
WTS iPhone 14 Pro Max 256GB,14,Unknown,Available,"WTS iPhone 14 Pro Max 256GB
Price: 00
Condition: Mint
DM me",Crypto Signals,5521,2026-02-16T00:50:24.583970
WTS iPhone 14 Pro Max 256GB,14,Unknown,Available,"WTS iPhone 14 Pro Max 256GB
Price: 00
Condition: Mint
DM me",Job Board,2637,2026-02-16T00:50:28.677443
Selling 100 USDT for PayPal F&F,100 USD,USD,Available,"Selling 100 USDT for PayPal F&F
Rate 1:1",Job Board,7182,2026-02-16T00:50:31.930114
Sewa RDP Windows 8GB RAM,8,Unknown,Available,"Sewa RDP Windows 8GB RAM
Harga: 50k / bulan",Marketplace 1,9804,2026-02-16T00:50:36.072929
Sewa RDP Windows 8GB RAM,8,Unknown,Available,"Sewa RDP Windows 8GB RAM
Harga: 50k / bulan",Crypto Signals,8149,2026-02-16T00:50:38.727132
[SOLD] MacBook Air M2,2,Unknown,Sold,"[SOLD] MacBook Air M2
50",Crypto Signals,8563,2026-02-16T00:50:43.399679
WTS iPhone 14 Pro Max 256GB,14,Unknown,Available,"WTS iPhone 14 Pro Max 256GB
Price: 00
Condition: Mint
DM me",Job Board,9289,2026-02-16T00:50:46.291509
WTS iPhone 14 Pro Max 256GB,14,Unknown,Available,"WTS iPhone 14 Pro Max 256GB
Price: 00
Condition: Mint
DM me",Crypto Signals,9121,2026-02-16T00:50:49.679053
Selling 100 USDT for PayPal F&F,100 USD,USD,Available,"Selling 100 USDT for PayPal F&F
Rate 1:1",Job Board,7401,2026-02-16T00:50:52.944240
Looking for Python dev,: 00,Unknown,Available,"Looking for Python dev
Budget: 00
Contact: @user123",Marketplace 1,4288,2026-02-16T00:50:55.857235
Selling 100 USDT for PayPal F&F,100 USD,USD,Available,"Selling 100 USDT for PayPal F&F
Rate 1:1",Marketplace 1,9172,2026-02-16T00:50:57.911122
[SOLD] MacBook Air M2,2,Unknown,Sold,"[SOLD] MacBook Air M2
50",Job Board,2377,2026-02-16T00:51:01.758239
Looking for Python dev,: 00,Unknown,Available,"Looking for Python dev
Budget: 00
Contact: @user123",Crypto Signals,5369,2026-02-16T00:51:06.612957
Looking for Python dev,: 00,Unknown,Available,"Looking for Python dev
Budget: 00
Contact: @user123",Crypto Signals,6517,2026-02-16T00:51:09.581144
Selling 100 USDT for PayPal F&F,100 USD,USD,Available,"Selling 100 USDT for PayPal F&F
Rate 1:1",Marketplace 1,4751,2026-02-16T00:51:13.046835
Selling 100 USDT for PayPal F&F,100 USD,USD,Available,"Selling 100 USDT for PayPal F&F
Rate 1:1",Crypto Signals,3483,2026-02-16T00:51:15.207586
WTS iPhone 14 Pro Max 256GB,14,Unknown,Available,"WTS iPhone 14 Pro Max 256GB
Price: 00
Condition: Mint
DM me",Marketplace 1,3840,2026-02-16T00:51:20.076474
Selling 100 USDT for PayPal F&F,100 USD,USD,Available,"Selling 100 USDT for PayPal F&F
Rate 1:1",Job Board,9958,2026-02-16T00:51:22.968462
Looking for Python dev,: 00,Unknown,Available,"Looking for Python dev
Budget: 00
Contact: @user123",Job Board,3701,2026-02-16T00:51:27.772577
WTS iPhone 14 Pro Max 256GB,14,Unknown,Available,"WTS iPhone 14 Pro Max 256GB
Price: 00
Condition: Mint
DM me",Crypto Signals,7988,2026-02-16T00:51:31.796785
Selling 100 USDT for PayPal F&F,100 USD,USD,Available,"Selling 100 USDT for PayPal F&F
Rate 1:1",Job Board,7348,2026-02-16T00:51:35.779242
[SOLD] MacBook Air M2,2,Unknown,Sold,"[SOLD] MacBook Air M2
50",Job Board,4135,2026-02-16T00:51:40.125385
WTS iPhone 14 Pro Max 256GB,14,Unknown,Available,"WTS iPhone 14 Pro Max 256GB
Price: 00
Condition: Mint
DM me",Marketplace 1,3052,2026-02-16T00:51:44.228080
Sewa RDP Windows 8GB RAM,8,Unknown,Available,"Sewa RDP Windows 8GB RAM
Harga: 50k / bulan",Marketplace 1,7138,2026-02-16T00:51:47.031884
[SOLD] MacBook Air M2,2,Unknown,Sold,"[SOLD] MacBook Air M2
50",Job Board,4916,2026-02-16T00:51:49.114427
[SOLD] MacBook Air M2,2,Unknown,Sold,"[SOLD] MacBook Air M2
50",Crypto Signals,1304,2026-02-16T00:51:52.777142
Jual Akun Google Cloud,Rp 150.000,IDR,Available,"Jual Akun Google Cloud
Rp 150.000 via Dana/OVO",Job Board,4398,2026-02-16T00:51:55.112047
Looking for Python dev,: 00,Unknown,Available,"Looking for Python dev
Budget: 00
Contact: @user123",Marketplace 1,2031,2026-02-16T00:51:59.421554
WTS iPhone 14 Pro Max 256GB,14,Unknown,Available,"WTS iPhone 14 Pro Max 256GB
Price: 00
Condition: Mint
DM me",Job Board,6754,2026-02-16T00:52:02.011121
Jual Akun Google Cloud,Rp 150.000,IDR,Available,"Jual Akun Google Cloud
Rp 150.000 via Dana/OVO",Job Board,7673,2026-02-16T00:52:05.374066
Sewa RDP Windows 8GB RAM,8,Unknown,Available,"Sewa RDP Windows 8GB RAM
Harga: 50k / bulan",Marketplace 1,7002,2026-02-16T00:52:07.754648
WTS iPhone 14 Pro Max 256GB,14,Unknown,Available,"WTS iPhone 14 Pro Max 256GB
Price: 00
Condition: Mint
DM me",Marketplace 1,5171,2026-02-16T00:52:10.162642
[SOLD] MacBook Air M2,2,Unknown,Sold,"[SOLD] MacBook Air M2
50",Job Board,5332,2026-02-16T00:52:13.998471
WTS iPhone 14 Pro Max 256GB,14,Unknown,Available,"WTS iPhone 14 Pro Max 256GB
Price: 00
Condition: Mint
DM me",Marketplace 1,6944,2026-02-16T00:52:17.036626
Sewa RDP Windows 8GB RAM,8,Unknown,Available,"Sewa RDP Windows 8GB RAM
Harga: 50k / bulan",Marketplace 1,2313,2026-02-16T00:52:21.717285
Sewa RDP Windows 8GB RAM,8,Unknown,Available,"Sewa RDP Windows 8GB RAM
Harga: 50k / bulan",Crypto Signals,3330,2026-02-16T00:52:24.848465
Looking for Python dev,: 00,Unknown,Available,"Looking for Python dev
Budget: 00
Contact: @user123",Marketplace 1,1062,2026-02-16T00:52:29.308663
Looking for Python dev,: 00,Unknown,Available,"Looking for Python dev
Budget: 00
Contact: @user123",Crypto Signals,8761,2026-02-16T00:52:32.852143
Selling 100 USDT for PayPal F&F,100 USD,USD,Available,"Selling 100 USDT for PayPal F&F
Rate 1:1",Job Board,7858,2026-02-16T00:52:35.103443
Sewa RDP Windows 8GB RAM,8,Unknown,Available,"Sewa RDP Windows 8GB RAM
Harga: 50k / bulan",Crypto Signals,2616,2026-02-16T00:52:37.602612
Sewa RDP Windows 8GB RAM,8,Unknown,Available,"Sewa RDP Windows 8GB RAM
Harga: 50k / bulan",Marketplace 1,3276,2026-02-16T00:52:42.214633
[SOLD] MacBook Air M2,2,Unknown,Sold,"[SOLD] MacBook Air M2
50",Crypto Signals,9356,2026-02-16T00:52:45.602106
Selling 100 USDT for PayPal F&F,100 USD,USD,Available,"Selling 100 USDT for PayPal F&F
Rate 1:1",Crypto Signals,7399,2026-02-16T00:52:49.457913
[SOLD] MacBook Air M2,2,Unknown,Sold,"[SOLD] MacBook Air M2
50",Job Board,3196,2026-02-16T00:52:51.659955
Sewa RDP Windows 8GB RAM,8,Unknown,Available,"Sewa RDP Windows 8GB RAM
Harga: 50k / bulan",Crypto Signals,5860,2026-02-16T00:52:55.337688
Selling 100 USDT for PayPal F&F,100 USD,USD,Available,"Selling 100 USDT for PayPal F&F
Rate 1:1",Crypto Signals,6874,2026-02-16T00:52:59.821722
Jual Akun Google Cloud,Rp 150.000,IDR,Available,"Jual Akun Google Cloud
Rp 150.000 via Dana/OVO",Marketplace 1,3574,2026-02-16T00:53:04.708246
[SOLD] MacBook Air M2,2,Unknown,Sold,"[SOLD] MacBook Air M2
50",Crypto Signals,4753,2026-02-16T00:53:07.684956
[SOLD] MacBook Air M2,2,Unknown,Sold,"[SOLD] MacBook Air M2
50",Job Board,1720,2026-02-16T00:53:12.498990
Looking for Python dev,: 00,Unknown,Available,"Looking for Python dev
Budget: 00
Contact: @user123",Job Board,4986,2026-02-16T00:53:15.681634
Sewa RDP Windows 8GB RAM,8,Unknown,Available,"Sewa RDP Windows 8GB RAM
Harga: 50k / bulan",Job Board,5754,2026-02-16T00:53:18.912138
Jual Akun Google Cloud,Rp 150.000,IDR,Available,"Jual Akun Google Cloud
Rp 150.000 via Dana/OVO",Marketplace 1,6282,2026-02-16T00:53:23.497006
Jual Akun Google Cloud,Rp 150.000,IDR,Available,"Jual Akun Google Cloud
Rp 150.000 via Dana/OVO",Job Board,9737,2026-02-16T00:53:28.312920
Jual Akun Google Cloud,Rp 150.000,IDR,Available,"Jual Akun Google Cloud
Rp 150.000 via Dana/OVO",Job Board,5334,2026-02-16T00:53:30.434682
Selling 100 USDT for PayPal F&F,100 USD,USD,Available,"Selling 100 USDT for PayPal F&F
Rate 1:1",Marketplace 1,5803,2026-02-16T00:53:34.475518
[SOLD] MacBook Air M2,2,Unknown,Sold,"[SOLD] MacBook Air M2
50",Crypto Signals,1876,2026-02-16T00:53:37.612508
WTS iPhone 14 Pro Max 256GB,14,Unknown,Available,"WTS iPhone 14 Pro Max 256GB
Price: 00
Condition: Mint
DM me",Job Board,5763,2026-02-16T00:53:41.508850
Sewa RDP Windows 8GB RAM,8,Unknown,Available,"Sewa RDP Windows 8GB RAM
Harga: 50k / bulan",Job Board,1744,2026-02-16T00:53:46.450081
Looking for Python dev,: 00,Unknown,Available,"Looking for Python dev
Budget: 00
Contact: @user123",Job Board,5215,2026-02-16T00:53:50.683128
[SOLD] MacBook Air M2,2,Unknown,Sold,"[SOLD] MacBook Air M2
50",Job Board,6083,2026-02-16T00:53:54.379291
Selling 100 USDT for PayPal F&F,100 USD,USD,Available,"Selling 100 USDT for PayPal F&F
Rate 1:1",Crypto Signals,5410,2026-02-16T00:53:56.570238
WTS iPhone 14 Pro Max 256GB,14,Unknown,Available,"WTS iPhone 14 Pro Max 256GB
Price: 00
Condition: Mint
DM me",Job Board,5881,2026-02-16T00:54:01.319693
[SOLD] MacBook Air M2,2,Unknown,Sold,"[SOLD] MacBook Air M2
50",Crypto Signals,4520,2026-02-16T00:54:04.787428
Selling 100 USDT for PayPal F&F,100 USD,USD,Available,"Selling 100 USDT for PayPal F&F
Rate 1:1",Crypto Signals,5730,2026-02-16T00:54:09.721892
Sewa RDP Windows 8GB RAM,8,Unknown,Available,"Sewa RDP Windows 8GB RAM
Harga: 50k / bulan",Marketplace 1,4210,2026-02-16T00:54:13.212058
Looking for Python dev,: 00,Unknown,Available,"Looking for Python dev
Budget: 00
Contact: @user123",Job Board,1562,2026-02-16T00:54:16.868789
[SOLD] MacBook Air M2,2,Unknown,Sold,"[SOLD] MacBook Air M2
50",Crypto Signals,6153,2026-02-16T00:54:19.687904
[SOLD] MacBook Air M2,2,Unknown,Sold,"[SOLD] MacBook Air M2
50",Marketplace 1,8774,2026-02-16T00:54:21.819607
Looking for Python dev,: 00,Unknown,Available,"Looking for Python dev
Budget: 00
Contact: @user123",Marketplace 1,1197,2026-02-16T00:54:26.648454
Selling 100 USDT for PayPal F&F,100 USD,USD,Available,"Selling 100 USDT for PayPal F&F
Rate 1:1",Marketplace 1,1942,2026-02-16T00:54:29.423212
Jual Akun Google Cloud,Rp 150.000,IDR,Available,"Jual Akun Google Cloud
Rp 150.000 via Dana/OVO",Marketplace 1,4197,2026-02-16T00:54:32.149192
WTS iPhone 14 Pro Max 256GB,14,Unknown,Available,"WTS iPhone 14 Pro Max 256GB
Price: 00
Condition: Mint
DM me",Crypto Signals,7575,2026-02-16T00:54:34.466345
Jual Akun Google Cloud,Rp 150.000,IDR,Available,"Jual Akun Google Cloud
Rp 150.000 via Dana/OVO",Crypto Signals,3328,2026-02-16T00:54:39.228732
WTS iPhone 14 Pro Max 256GB,14,Unknown,Available,"WTS iPhone 14 Pro Max 256GB
Price: 00
Condition: Mint
DM me",Marketplace 1,1574,2026-02-16T00:54:43.138860
Selling 100 USDT for PayPal F&F,100 USD,USD,Available,"Selling 100 USDT for PayPal F&F
Rate 1:1",Marketplace 1,6765,2026-02-16T00:54:45.337034
[SOLD] MacBook Air M2,2,Unknown,Sold,"[SOLD] MacBook Air M2
50",Job Board,5660,2026-02-16T00:54:49.219474
Looking for Python dev,: 00,Unknown,Available,"Looking for Python dev
Budget: 00
Contact: @user123",Job Board,9522,2026-02-16T00:54:53.584563
Jual Akun Google Cloud,Rp 150.000,IDR,Available,"Jual Akun Google Cloud
Rp 150.000 via Dana/OVO",Job Board,4082,2026-02-16T00:54:55.677877
WTS iPhone 14 Pro Max 256GB,14,Unknown,Available,"WTS iPhone 14 Pro Max 256GB
Price: 00
Condition: Mint
DM me",Job Board,5135,2026-02-16T00:54:59.587162
Jual Akun Google Cloud,Rp 150.000,IDR,Available,"Jual Akun Google Cloud
Rp 150.000 via Dana/OVO",Crypto Signals,2517,2026-02-16T00:55:02.501843
Jual Akun Google Cloud,Rp 150.000,IDR,Available,"Jual Akun Google Cloud
Rp 150.000 via Dana/OVO",Marketplace 1,2521,2026-02-16T00:55:06.918084
[SOLD] MacBook Air M2,2,Unknown,Sold,"[SOLD] MacBook Air M2
50",Job Board,4764,2026-02-16T00:55:10.397022
WTS iPhone 14 Pro Max 256GB,14,Unknown,Available,"WTS iPhone 14 Pro Max 256GB
Price: 00
Condition: Mint
DM me",Crypto Signals,8957,2026-02-16T00:55:15.388062
Sewa RDP Windows 8GB RAM,8,Unknown,Available,"Sewa RDP Windows 8GB RAM
Harga: 50k / bulan",Job Board,2226,2026-02-16T00:55:19.869737
Sewa RDP Windows 8GB RAM,8,Unknown,Available,"Sewa RDP Windows 8GB RAM
Harga: 50k / bulan",Marketplace 1,1524,2026-02-16T00:55:24.203328
Jual Akun Google Cloud,Rp 150.000,IDR,Available,"Jual Akun Google Cloud
Rp 150.000 via Dana/OVO",Marketplace 1,9531,2026-02-16T00:55:28.548268
[SOLD] MacBook Air M2,2,Unknown,Sold,"[SOLD] MacBook Air M2
50",Crypto Signals,5494,2026-02-16T00:55:31.476281
Jual Akun Google Cloud,Rp 150.000,IDR,Available,"Jual Akun Google Cloud
Rp 150.000 via Dana/OVO",Crypto Signals,9082,2026-02-16T00:55:36.209792
Sewa RDP Windows 8GB RAM,8,Unknown,Available,"Sewa RDP Windows 8GB RAM
Harga: 50k / bulan",Crypto Signals,4918,2026-02-16T00:55:40.141365
Selling 100 USDT for PayPal F&F,100 USD,USD,Available,"Selling 100 USDT for PayPal F&F
Rate 1:1",Marketplace 1,6889,2026-02-16T00:55:45.131177
WTS iPhone 14 Pro Max 256GB,14,Unknown,Available,"WTS iPhone 14 Pro Max 256GB
Price: 00
Condition: Mint
DM me",Crypto Signals,1611,2026-02-16T00:55:49.585632
WTS iPhone 14 Pro Max 256GB,14,Unknown,Available,"WTS iPhone 14 Pro Max 256GB
Price: 00
Condition: Mint
DM me",Job Board,8880,2026-02-16T00:55:52.307774
Looking for Python dev,: 00,Unknown,Available,"Looking for Python dev
Budget: 00
Contact: @user123",Job Board,5462,2026-02-16T00:55:55.396731
Jual Akun Google Cloud,Rp 150.000,IDR,Available,"Jual Akun Google Cloud
Rp 150.000 via Dana/OVO",Marketplace 1,7277,2026-02-16T00:55:59.046309
[SOLD] MacBook Air M2,2,Unknown,Sold,"[SOLD] MacBook Air M2
50",Crypto Signals,5369,2026-02-16T00:56:01.883376
Jual Akun Google Cloud,Rp 150.000,IDR,Available,"Jual Akun Google Cloud
Rp 150.000 via Dana/OVO",Marketplace 1,3711,2026-02-16T00:56:06.074262
Looking for Python dev,: 00,Unknown,Available,"Looking for Python dev
Budget: 00
Contact: @user123",Job Board,9360,2026-02-16T00:56:08.328583
Looking for Python dev,: 00,Unknown,Available,"Looking for Python dev
Budget: 00
Contact: @user123",Crypto Signals,1087,2026-02-16T00:56:10.708975
Looking for Python dev,: 00,Unknown,Available,"Looking for Python dev
Budget: 00
Contact: @user123",Job Board,9679,2026-02-16T00:56:13.671351
WTS iPhone 14 Pro Max 256GB,14,Unknown,Available,"WTS iPhone 14 Pro Max 256GB
Price: 00
Condition: Mint
DM me",Crypto Signals,4028,2026-02-16T00:56:16.130950
Jual Akun Google Cloud,Rp 150.000,IDR,Available,"Jual Akun Google Cloud
Rp 150.000 via Dana/OVO",Marketplace 1,6426,2026-02-16T00:56:21.006327
Looking for Python dev,: 00,Unknown,Available,"Looking for Python dev
Budget: 00
Contact: @user123",Marketplace 1,8159,2026-02-16T00:56:23.757185
[SOLD] MacBook Air M2,2,Unknown,Sold,"[SOLD] MacBook Air M2
50",Marketplace 1,3151,2026-02-16T00:56:26.483049
Jual Akun Google Cloud,Rp 150.000,IDR,Available,"Jual Akun Google Cloud
Rp 150.000 via Dana/OVO",Job Board,1240,2026-02-16T00:56:31.176983
[SOLD] MacBook Air M2,2,Unknown,Sold,"[SOLD] MacBook Air M2
50",Marketplace 1,1746,2026-02-16T00:56:33.896017
Sewa RDP Windows 8GB RAM,8,Unknown,Available,"Sewa RDP Windows 8GB RAM
Harga: 50k / bulan",Marketplace 1,8522,2026-02-16T00:56:37.352588
Sewa RDP Windows 8GB RAM,8,Unknown,Available,"Sewa RDP Windows 8GB RAM
Harga: 50k / bulan",Marketplace 1,6905,2026-02-16T00:56:39.549951
Sewa RDP Windows 8GB RAM,8,Unknown,Available,"Sewa RDP Windows 8GB RAM
Harga: 50k / bulan",Job Board,1725,2026-02-16T00:56:44.475359
WTS iPhone 14 Pro Max 256GB,14,Unknown,Available,"WTS iPhone 14 Pro Max 256GB
Price: 00
Condition: Mint
DM me",Marketplace 1,5515,2026-02-16T00:56:47.547155
Sewa RDP Windows 8GB RAM,8,Unknown,Available,"Sewa RDP Windows 8GB RAM
Harga: 50k / bulan",Job Board,6313,2026-02-16T00:56:49.609218
Jual Akun Google Cloud,Rp 150.000,IDR,Available,"Jual Akun Google Cloud
Rp 150.000 via Dana/OVO",Crypto Signals,5844,2026-02-16T00:56:52.577594
Selling 100 USDT for PayPal F&F,100 USD,USD,Available,"Selling 100 USDT for PayPal F&F
Rate 1:1",Job Board,8604,2026-02-16T00:56:55.478450
WTS iPhone 14 Pro Max 256GB,14,Unknown,Available,"WTS iPhone 14 Pro Max 256GB
Price: 00
Condition: Mint
DM me",Crypto Signals,7905,2026-02-16T00:57:00.063346
Looking for Python dev,: 00,Unknown,Available,"Looking for Python dev
Budget: 00
Contact: @user123",Crypto Signals,8844,2026-02-16T00:57:02.250360
Selling 100 USDT for PayPal F&F,100 USD,USD,Available,"Selling 100 USDT for PayPal F&F
Rate 1:1",Marketplace 1,9039,2026-02-16T00:57:06.963753
[SOLD] MacBook Air M2,2,Unknown,Sold,"[SOLD] MacBook Air M2
50",Crypto Signals,4397,2026-02-16T00:57:10.436486
Jual Akun Google Cloud,Rp 150.000,IDR,Available,"Jual Akun Google Cloud
Rp 150.000 via Dana/OVO",Job Board,2702,2026-02-16T00:57:12.999459
Jual Akun Google Cloud,Rp 150.000,IDR,Available,"Jual Akun Google Cloud
Rp 150.000 via Dana/OVO",Crypto Signals,8902,2026-02-16T00:57:17.263638
Selling 100 USDT for PayPal F&F,100 USD,USD,Available,"Selling 100 USDT for PayPal F&F
Rate 1:1",Job Board,5143,2026-02-16T00:57:21.782684
Looking for Python dev,: 00,Unknown,Available,"Looking for Python dev
Budget: 00
Contact: @user123",Marketplace 1,7908,2026-02-16T00:57:25.070169
Jual Akun Google Cloud,Rp 150.000,IDR,Available,"Jual Akun Google Cloud
Rp 150.000 via Dana/OVO",Crypto Signals,2313,2026-02-16T00:57:29.469619
Jual Akun Google Cloud,Rp 150.000,IDR,Available,"Jual Akun Google Cloud
Rp 150.000 via Dana/OVO",Job Board,9626,2026-02-16T00:57:32.512819
Selling 100 USDT for PayPal F&F,100 USD,USD,Available,"Selling 100 USDT for PayPal F&F
Rate 1:1",Job Board,7254,2026-02-16T00:57:35.106807
Sewa RDP Windows 8GB RAM,8,Unknown,Available,"Sewa RDP Windows 8GB RAM
Harga: 50k / bulan",Marketplace 1,4536,2026-02-16T00:57:38.849504
WTS iPhone 14 Pro Max 256GB,14,Unknown,Available,"WTS iPhone 14 Pro Max 256GB
Price: 00
Condition: Mint
DM me",Job Board,9900,2026-02-16T00:57:43.589229
Selling 100 USDT for PayPal F&F,100 USD,USD,Available,"Selling 100 USDT for PayPal F&F
Rate 1:1",Job Board,7653,2026-02-16T01:22:36.360340
Selling 100 USDT for PayPal F&F,100 USD,USD,Available,"Selling 100 USDT for PayPal F&F
Rate 1:1",Job Board,7161,2026-02-16T01:22:41.152216
Jual Akun Google Cloud,Rp 150.000,IDR,Available,"Jual Akun Google Cloud
Rp 150.000 via Dana/OVO",Marketplace 1,8251,2026-02-16T01:22:43.646401
Sewa RDP Windows 8GB RAM,8,Unknown,Available,"Sewa RDP Windows 8GB RAM
Harga: 50k / bulan",Marketplace 1,1591,2026-02-16T01:22:45.864262
WTS iPhone 14 Pro Max 256GB,14,Unknown,Available,"WTS iPhone 14 Pro Max 256GB
Price: 00
Condition: Mint
DM me",Job Board,4717,2026-02-16T01:22:49.600069
Sewa RDP Windows 8GB RAM,8,Unknown,Available,"Sewa RDP Windows 8GB RAM
Harga: 50k / bulan",Crypto Signals,3724,2026-02-16T01:22:54.262524
Jual Akun Google Cloud,Rp 150.000,IDR,Available,"Jual Akun Google Cloud
Rp 150.000 via Dana/OVO",Job Board,5199,2026-02-16T01:22:58.709160
Jual Akun Google Cloud,Rp 150.000,IDR,Available,"Jual Akun Google Cloud
Rp 150.000 via Dana/OVO",Marketplace 1,5335,2026-02-16T01:23:03.037943
Sewa RDP Windows 8GB RAM,8,Unknown,Available,"Sewa RDP Windows 8GB RAM
Harga: 50k / bulan",Job Board,3944,2026-02-16T01:23:05.453344
WTS iPhone 14 Pro Max 256GB,14,Unknown,Available,"WTS iPhone 14 Pro Max 256GB
Price: 00
Condition: Mint
DM me",Job Board,2116,2026-02-16T01:23:07.996760
[SOLD] MacBook Air M2,2,Unknown,Sold,"[SOLD] MacBook Air M2
50",Marketplace 1,1280,2026-02-16T01:23:11.708353
Sewa RDP Windows 8GB RAM,8,Unknown,Available,"Sewa RDP Windows 8GB RAM
Harga: 50k / bulan",Marketplace 1,2148,2026-02-16T01:23:14.761566
Sewa RDP Windows 8GB RAM,8,Unknown,Available,"Sewa RDP Windows 8GB RAM
Harga: 50k / bulan",Job Board,4356,2026-02-16T01:23:18.684342
[SOLD] MacBook Air M2,2,Unknown,Sold,"[SOLD] MacBook Air M2
50",Job Board,3302,2026-02-16T01:23:21.111701
Sewa RDP Windows 8GB RAM,8,Unknown,Available,"Sewa RDP Windows 8GB RAM
Harga: 50k / bulan",Crypto Signals,1647,2026-02-16T01:23:23.161974
WTS iPhone 14 Pro Max 256GB,14,Unknown,Available,"WTS iPhone 14 Pro Max 256GB
Price: 00
Condition: Mint
DM me",Crypto Signals,5872,2026-02-16T01:23:26.850711
Looking for Python dev,: 00,Unknown,Available,"Looking for Python dev
Budget: 00
Contact: @user123",Job Board,7075,2026-02-16T01:23:29.660301
[SOLD] MacBook Air M2,2,Unknown,Sold,"[SOLD] MacBook Air M2
50",Job Board,7412,2026-02-16T01:23:34.408537
[SOLD] MacBook Air M2,2,Unknown,Sold,"[SOLD] MacBook Air M2
50",Marketplace 1,2859,2026-02-16T01:23:38.839778
Jual Akun Google Cloud,Rp 150.000,IDR,Available,"Jual Akun Google Cloud
Rp 150.000 via Dana/OVO",Crypto Signals,6813,2026-02-16T01:23:42.657352
WTS iPhone 14 Pro Max 256GB,14,Unknown,Available,"WTS iPhone 14 Pro Max 256GB
Price: 00
Condition: Mint
DM me",Job Board,7234,2026-02-16T01:23:46.194763
Jual Akun Google Cloud,Rp 150.000,IDR,Available,"Jual Akun Google Cloud
Rp 150.000 via Dana/OVO",Job Board,5016,2026-02-16T01:23:48.832731
Looking for Python dev,: 00,Unknown,Available,"Looking for Python dev
Budget: 00
Contact: @user123",Crypto Signals,5265,2026-02-16T01:23:51.603209
Sewa RDP Windows 8GB RAM,8,Unknown,Available,"Sewa RDP Windows 8GB RAM
Harga: 50k / bulan",Marketplace 1,5728,2026-02-16T01:23:56.334682
Jual Akun Google Cloud,Rp 150.000,IDR,Available,"Jual Akun Google Cloud
Rp 150.000 via Dana/OVO",Crypto Signals,5282,2026-02-16T01:23:59.814633
WTS iPhone 14 Pro Max 256GB,14,Unknown,Available,"WTS iPhone 14 Pro Max 256GB
Price: 00
Condition: Mint
DM me",Job Board,7392,2026-02-16T01:24:02.376345
Sewa RDP Windows 8GB RAM,8,Unknown,Available,"Sewa RDP Windows 8GB RAM
Harga: 50k / bulan",Job Board,8968,2026-02-16T01:24:05.406665
WTS iPhone 14 Pro Max 256GB,14,Unknown,Available,"WTS iPhone 14 Pro Max 256GB
Price: 00
Condition: Mint
DM me",Job Board,7882,2026-02-16T01:24:08.994131
[SOLD] MacBook Air M2,2,Unknown,Sold,"[SOLD] MacBook Air M2
50",Crypto Signals,5431,2026-02-16T01:24:12.591923
Selling 100 USDT for PayPal F&F,100 USD,USD,Available,"Selling 100 USDT for PayPal F&F
Rate 1:1",Marketplace 1,5301,2026-02-16T01:24:15.208126
Sewa RDP Windows 8GB RAM,8,Unknown,Available,"Sewa RDP Windows 8GB RAM
Harga: 50k / bulan",Job Board,4441,2026-02-16T01:24:19.170620
Looking for Python dev,: 00,Unknown,Available,"Looking for Python dev
Budget: 00
Contact: @user123",Crypto Signals,8147,2026-02-16T01:24:23.762947
Selling 100 USDT for PayPal F&F,100 USD,USD,Available,"Selling 100 USDT for PayPal F&F
Rate 1:1",Marketplace 1,5751,2026-02-16T01:24:26.600753
Jual Akun Google Cloud,Rp 150.000,IDR,Available,"Jual Akun Google Cloud
Rp 150.000 via Dana/OVO",Marketplace 1,4563,2026-02-16T01:24:29.880601
WTS iPhone 14 Pro Max 256GB,14,Unknown,Available,"WTS iPhone 14 Pro Max 256GB
Price: 00
Condition: Mint
DM me",Marketplace 1,3462,2026-02-16T01:24:32.013361
[SOLD] MacBook Air M2,2,Unknown,Sold,"[SOLD] MacBook Air M2
50",Marketplace 1,9055,2026-02-16T01:24:34.562576
Looking for Python dev,: 00,Unknown,Available,"Looking for Python dev
Budget: 00
Contact: @user123",Crypto Signals,2632,2026-02-16T01:24:37.618439
[SOLD] MacBook Air M2,2,Unknown,Sold,"[SOLD] MacBook Air M2
50",Marketplace 1,9778,2026-02-16T01:24:42.272685
Sewa RDP Windows 8GB RAM,8,Unknown,Available,"Sewa RDP Windows 8GB RAM
Harga: 50k / bulan",Crypto Signals,6434,2026-02-16T01:24:45.667942
WTS iPhone 14 Pro Max 256GB,14,Unknown,Available,"WTS iPhone 14 Pro Max 256GB
Price: 00
Condition: Mint
DM me",Job Board,1717,2026-02-16T01:24:48.683302
Looking for Python dev,: 00,Unknown,Available,"Looking for Python dev
Budget: 00
Contact: @user123",Crypto Signals,9796,2026-02-16T01:24:52.310645
[SOLD] MacBook Air M2,2,Unknown,Sold,"[SOLD] MacBook Air M2
50",Job Board,6375,2026-02-16T01:24:56.953008
Jual Akun Google Cloud,Rp 150.000,IDR,Available,"Jual Akun Google Cloud
Rp 150.000 via Dana/OVO",Crypto Signals,7790,2026-02-16T01:24:58.986626
Looking for Python dev,: 00,Unknown,Available,"Looking for Python dev
Budget: 00
Contact: @user123",Marketplace 1,2771,2026-02-16T01:25:03.213109
[SOLD] MacBook Air M2,2,Unknown,Sold,"[SOLD] MacBook Air M2
50",Job Board,3597,2026-02-16T01:25:06.408845
Selling 100 USDT for PayPal F&F,100 USD,USD,Available,"Selling 100 USDT for PayPal F&F
Rate 1:1",Crypto Signals,9077,2026-02-16T01:25:10.796537
WTS iPhone 14 Pro Max 256GB,14,Unknown,Available,"WTS iPhone 14 Pro Max 256GB
Price: 00
Condition: Mint
DM me",Marketplace 1,5951,2026-02-16T01:25:14.438845
[SOLD] MacBook Air M2,2,Unknown,Sold,"[SOLD] MacBook Air M2
50",Crypto Signals,3494,2026-02-16T01:25:16.945364
Jual Akun Google Cloud,Rp 150.000,IDR,Available,"Jual Akun Google Cloud
Rp 150.000 via Dana/OVO",Marketplace 1,1357,2026-02-16T01:25:20.458883
Sewa RDP Windows 8GB RAM,8,Unknown,Available,"Sewa RDP Windows 8GB RAM
Harga: 50k / bulan",Crypto Signals,7477,2026-02-16T01:25:25.119640
Jual Akun Google Cloud,Rp 150.000,IDR,Available,"Jual Akun Google Cloud
Rp 150.000 via Dana/OVO",Job Board,8946,2026-02-16T01:25:28.337655
Jual Akun Google Cloud,Rp 150.000,IDR,Available,"Jual Akun Google Cloud
Rp 150.000 via Dana/OVO",Crypto Signals,7745,2026-02-16T01:25:32.987304
Sewa RDP Windows 8GB RAM,8,Unknown,Available,"Sewa RDP Windows 8GB RAM
Harga: 50k / bulan",Crypto Signals,2955,2026-02-16T01:25:37.915319
WTS iPhone 14 Pro Max 256GB,14,Unknown,Available,"WTS iPhone 14 Pro Max 256GB
Price: 00
Condition: Mint
DM me",Marketplace 1,4612,2026-02-16T01:25:40.823388
[SOLD] MacBook Air M2,2,Unknown,Sold,"[SOLD] MacBook Air M2
50",Crypto Signals,7788,2026-02-16T01:25:44.792181
WTS iPhone 14 Pro Max 256GB,14,Unknown,Available,"WTS iPhone 14 Pro Max 256GB
Price: 00
Condition: Mint
DM me",Crypto Signals,9523,2026-02-16T01:25:48.135382
Sewa RDP Windows 8GB RAM,8,Unknown,Available,"Sewa RDP Windows 8GB RAM
Harga: 50k / bulan",Job Board,8889,2026-02-16T01:25:52.058279
[SOLD] MacBook Air M2,2,Unknown,Sold,"[SOLD] MacBook Air M2
50",Marketplace 1,7745,2026-02-16T01:25:54.187522
Looking for Python dev,: 00,Unknown,Available,"Looking for Python dev
Budget: 00
Contact: @user123",Marketplace 1,2418,2026-02-16T01:25:58.041001
Looking for Python dev,: 00,Unknown,Available,"Looking for Python dev
Budget: 00
Contact: @user123",Crypto Signals,6793,2026-02-16T01:26:02.851963
Selling 100 USDT for PayPal F&F,100 USD,USD,Available,"Selling 100 USDT for PayPal F&F
Rate 1:1",Crypto Signals,9112,2026-02-16T01:26:05.412161
[SOLD] MacBook Air M2,2,Unknown,Sold,"[SOLD] MacBook Air M2
50",Job Board,1808,2026-02-16T01:26:10.339475
Looking for Python dev,: 00,Unknown,Available,"Looking for Python dev
Budget: 00
Contact: @user123",Marketplace 1,9349,2026-02-16T01:26:13.473452
Jual Akun Google Cloud,Rp 150.000,IDR,Available,"Jual Akun Google Cloud
Rp 150.000 via Dana/OVO",Job Board,4053,2026-02-16T01:26:16.295063
Sewa RDP Windows 8GB RAM,8,Unknown,Available,"Sewa RDP Windows 8GB RAM
Harga: 50k / bulan",Marketplace 1,1682,2026-02-16T01:26:21.148563
Selling 100 USDT for PayPal F&F,100 USD,USD,Available,"Selling 100 USDT for PayPal F&F
Rate 1:1",Crypto Signals,1605,2026-02-16T01:26:24.790051
WTS iPhone 14 Pro Max 256GB,14,Unknown,Available,"WTS iPhone 14 Pro Max 256GB
Price: 00
Condition: Mint
DM me",Job Board,5106,2026-02-16T01:26:27.230067
Looking for Python dev,: 00,Unknown,Available,"Looking for Python dev
Budget: 00
Contact: @user123",Marketplace 1,8271,2026-02-16T01:26:31.609407
Sewa RDP Windows 8GB RAM,8,Unknown,Available,"Sewa RDP Windows 8GB RAM
Harga: 50k / bulan",Crypto Signals,2027,2026-02-16T01:35:13.952295
Sewa RDP Windows 8GB RAM,8,Unknown,Available,"Sewa RDP Windows 8GB RAM
Harga: 50k / bulan",Job Board,4535,2026-02-16T01:35:16.112314
Jual Akun Google Cloud,Rp 150.000,IDR,Available,"Jual Akun Google Cloud
Rp 150.000 via Dana/OVO",Marketplace 1,6863,2026-02-16T01:35:19.197521
Jual Akun Google Cloud,Rp 150.000,IDR,Available,"Jual Akun Google Cloud
Rp 150.000 via Dana/OVO",Job Board,8350,2026-02-16T01:35:22.765971
Selling 100 USDT for PayPal F&F,100 USD,USD,Available,"Selling 100 USDT for PayPal F&F
Rate 1:1",Marketplace 1,6610,2026-02-16T01:35:25.199752
[SOLD] MacBook Air M2,2,Unknown,Sold,"[SOLD] MacBook Air M2
50",Crypto Signals,9012,2026-02-16T01:35:27.648847
Jual Akun Google Cloud,Rp 150.000,IDR,Available,"Jual Akun Google Cloud
Rp 150.000 via Dana/OVO",Crypto Signals,6793,2026-02-16T01:35:31.781513
WTS iPhone 14 Pro Max 256GB,14,Unknown,Available,"WTS iPhone 14 Pro Max 256GB
Price: 00
Condition: Mint
DM me",Crypto Signals,4049,2026-02-16T01:35:35.240432
Jual Akun Google Cloud,Rp 150.000,IDR,Available,"Jual Akun Google Cloud
Rp 150.000 via Dana/OVO",Marketplace 1,8930,2026-02-16T01:35:38.007555
[SOLD] MacBook Air M2,2,Unknown,Sold,"[SOLD] MacBook Air M2
50",Crypto Signals,8750,2026-02-16T01:35:41.506354
Jual Akun Google Cloud,Rp 150.000,IDR,Available,"Jual Akun Google Cloud
Rp 150.000 via Dana/OVO",Crypto Signals,8400,2026-02-16T01:35:43.527550
[SOLD] MacBook Air M2,2,Unknown,Sold,"[SOLD] MacBook Air M2
50",Marketplace 1,2315,2026-02-16T01:35:46.917386
Jual Akun Google Cloud,Rp 150.000,IDR,Available,"Jual Akun Google Cloud
Rp 150.000 via Dana/OVO",Job Board,6956,2026-02-16T01:35:51.359073
WTS iPhone 14 Pro Max 256GB,14,Unknown,Available,"WTS iPhone 14 Pro Max 256GB
Price: 00
Condition: Mint
DM me",Marketplace 1,4296,2026-02-16T01:35:55.703398
WTS iPhone 14 Pro Max 256GB,14,Unknown,Available,"WTS iPhone 14 Pro Max 256GB
Price: 00
Condition: Mint
DM me",Job Board,2964,2026-02-16T01:35:58.647154
Sewa RDP Windows 8GB RAM,8,Unknown,Available,"Sewa RDP Windows 8GB RAM
Harga: 50k / bulan",Marketplace 1,7987,2026-02-16T01:36:01.558185
[SOLD] MacBook Air M2,2,Unknown,Sold,"[SOLD] MacBook Air M2
50",Crypto Signals,7569,2026-02-16T01:36:05.153367
Selling 100 USDT for PayPal F&F,100 USD,USD,Available,"Selling 100 USDT for PayPal F&F
Rate 1:1",Marketplace 1,8725,2026-02-16T01:36:09.513170
Sewa RDP Windows 8GB RAM,8,Unknown,Available,"Sewa RDP Windows 8GB RAM
Harga: 50k / bulan",Crypto Signals,8382,2026-02-16T01:36:13.708400
Looking for Python dev,: 00,Unknown,Available,"Looking for Python dev
Budget: 00
Contact: @user123",Job Board,9272,2026-02-16T01:36:18.635062
[SOLD] MacBook Air M2,2,Unknown,Sold,"[SOLD] MacBook Air M2
50",Crypto Signals,5432,2026-02-16T01:36:23.340810
[SOLD] MacBook Air M2,2,Unknown,Sold,"[SOLD] MacBook Air M2
50",Crypto Signals,3857,2026-02-16T01:36:25.414792
Looking for Python dev,: 00,Unknown,Available,"Looking for Python dev
Budget: 00
Contact: @user123",Crypto Signals,5886,2026-02-16T01:36:27.957275
[SOLD] MacBook Air M2,2,Unknown,Sold,"[SOLD] MacBook Air M2
50",Marketplace 1,7660,2026-02-16T01:36:32.717030
WTS iPhone 14 Pro Max 256GB,14,Unknown,Available,"WTS iPhone 14 Pro Max 256GB
Price: 00
Condition: Mint
DM me",Marketplace 1,8586,2026-02-16T01:36:37.632558
Looking for Python dev,: 00,Unknown,Available,"Looking for Python dev
Budget: 00
Contact: @user123",Marketplace 1,9124,2026-02-16T01:36:40.393657
Jual Akun Google Cloud,Rp 150.000,IDR,Available,"Jual Akun Google Cloud
Rp 150.000 via Dana/OVO",Marketplace 1,9315,2026-02-16T01:36:43.247476
Sewa RDP Windows 8GB RAM,8,Unknown,Available,"Sewa RDP Windows 8GB RAM
Harga: 50k / bulan",Marketplace 1,4730,2026-02-16T01:36:46.274105
WTS iPhone 14 Pro Max 256GB,14,Unknown,Available,"WTS iPhone 14 Pro Max 256GB
Price: 00
Condition: Mint
DM me",Crypto Signals,4246,2026-02-16T01:36:48.537970
[SOLD] MacBook Air M2,2,Unknown,Sold,"[SOLD] MacBook Air M2
50",Marketplace 1,8697,2026-02-16T01:36:52.676185
[SOLD] MacBook Air M2,2,Unknown,Sold,"[SOLD] MacBook Air M2
50",Job Board,1829,2026-02-16T01:36:56.210045
Looking for Python dev,: 00,Unknown,Available,"Looking for Python dev
Budget: 00
Contact: @user123",Crypto Signals,7843,2026-02-16T01:36:58.330589
Jual Akun Google Cloud,Rp 150.000,IDR,Available,"Jual Akun Google Cloud
Rp 150.000 via Dana/OVO",Job Board,7828,2026-02-16T01:37:01.666060
WTS iPhone 14 Pro Max 256GB,14,Unknown,Available,"WTS iPhone 14 Pro Max 256GB
Price: 00
Condition: Mint
DM me",Job Board,7767,2026-02-16T01:37:05.566674
[SOLD] MacBook Air M2,2,Unknown,Sold,"[SOLD] MacBook Air M2
50",Marketplace 1,2175,2026-02-16T01:37:07.957194
Looking for Python dev,: 00,Unknown,Available,"Looking for Python dev
Budget: 00
Contact: @user123",Marketplace 1,3233,2026-02-16T01:37:11.082132
Sewa RDP Windows 8GB RAM,8,Unknown,Available,"Sewa RDP Windows 8GB RAM
Harga: 50k / bulan",Crypto Signals,7521,2026-02-16T01:37:13.104225
WTS iPhone 14 Pro Max 256GB,14,Unknown,Available,"WTS iPhone 14 Pro Max 256GB
Price: 00
Condition: Mint
DM me",Job Board,3140,2026-02-16T01:37:15.993456
Looking for Python dev,: 00,Unknown,Available,"Looking for Python dev
Budget: 00
Contact: @user123",Job Board,3409,2026-02-16T01:37:19.586240
[SOLD] MacBook Air M2,2,Unknown,Sold,"[SOLD] MacBook Air M2
50",Crypto Signals,7132,2026-02-16T01:37:22.866290
Sewa RDP Windows 8GB RAM,8,Unknown,Available,"Sewa RDP Windows 8GB RAM
Harga: 50k / bulan",Crypto Signals,9018,2026-02-16T01:37:25.497224
Looking for Python dev,: 00,Unknown,Available,"Looking for Python dev
Budget: 00
Contact: @user123",Job Board,5221,2026-02-16T01:37:27.913225
[SOLD] MacBook Air M2,2,Unknown,Sold,"[SOLD] MacBook Air M2
50",Marketplace 1,7890,2026-02-16T01:37:29.986158
[SOLD] MacBook Air M2,2,Unknown,Sold,"[SOLD] MacBook Air M2
50",Job Board,7399,2026-02-16T01:37:32.495197
Selling 100 USDT for PayPal F&F,100 USD,USD,Available,"Selling 100 USDT for PayPal F&F
Rate 1:1",Job Board,5920,2026-02-16T01:37:36.930346
[SOLD] MacBook Air M2,2,Unknown,Sold,"[SOLD] MacBook Air M2
50",Job Board,4422,2026-02-16T01:37:40.858770
WTS iPhone 14 Pro Max 256GB,14,Unknown,Available,"WTS iPhone 14 Pro Max 256GB
Price: 00
Condition: Mint
DM me",Marketplace 1,7019,2026-02-16T01:37:45.267097
Jual Akun Google Cloud,Rp 150.000,IDR,Available,"Jual Akun Google Cloud
Rp 150.000 via Dana/OVO",Job Board,4712,2026-02-16T01:37:47.719259
Sewa RDP Windows 8GB RAM,8,Unknown,Available,"Sewa RDP Windows 8GB RAM
Harga: 50k / bulan",Marketplace 1,4390,2026-02-16T01:37:52.099143
[SOLD] MacBook Air M2,2,Unknown,Sold,"[SOLD] MacBook Air M2
50",Job Board,2293,2026-02-16T01:37:55.502082
WTS iPhone 14 Pro Max 256GB,14,Unknown,Available,"WTS iPhone 14 Pro Max 256GB
Price: 00
Condition: Mint
DM me",Crypto Signals,8820,2026-02-16T01:37:59.797887
Selling 100 USDT for PayPal F&F,100 USD,USD,Available,"Selling 100 USDT for PayPal F&F
Rate 1:1",Job Board,3717,2026-02-16T01:38:01.939007
Looking for Python dev,: 00,Unknown,Available,"Looking for Python dev
Budget: 00
Contact: @user123",Crypto Signals,3799,2026-02-16T01:38:04.933069
Jual Akun Google Cloud,Rp 150.000,IDR,Available,"Jual Akun Google Cloud
Rp 150.000 via Dana/OVO",Marketplace 1,5394,2026-02-16T01:38:09.824806
Selling 100 USDT for PayPal F&F,100 USD,USD,Available,"Selling 100 USDT for PayPal F&F
Rate 1:1",Crypto Signals,9696,2026-02-16T01:38:12.260620
[SOLD] MacBook Air M2,2,Unknown,Sold,"[SOLD] MacBook Air M2
50",Crypto Signals,2178,2026-02-16T01:38:14.687702
[SOLD] MacBook Air M2,2,Unknown,Sold,"[SOLD] MacBook Air M2
50",Crypto Signals,7135,2026-02-16T01:38:17.723175
Sewa RDP Windows 8GB RAM,8,Unknown,Available,"Sewa RDP Windows 8GB RAM
Harga: 50k / bulan",Marketplace 1,6431,2026-02-16T01:38:21.409806
Selling 100 USDT for PayPal F&F,100 USD,USD,Available,"Selling 100 USDT for PayPal F&F
Rate 1:1",Crypto Signals,9936,2026-02-16T01:38:24.586119
Sewa RDP Windows 8GB RAM,8,Unknown,Available,"Sewa RDP Windows 8GB RAM
Harga: 50k / bulan",Job Board,2173,2026-02-16T01:38:27.748428
Sewa RDP Windows 8GB RAM,8,Unknown,Available,"Sewa RDP Windows 8GB RAM
Harga: 50k / bulan",Job Board,1142,2026-02-16T01:38:32.476017
Looking for Python dev,: 00,Unknown,Available,"Looking for Python dev
Budget: 00
Contact: @user123",Marketplace 1,6697,2026-02-16T01:38:35.094293
Sewa RDP Windows 8GB RAM,8,Unknown,Available,"Sewa RDP Windows 8GB RAM
Harga: 50k / bulan",Job Board,5114,2026-02-16T01:38:37.765953
Sewa RDP Windows 8GB RAM,8,Unknown,Available,"Sewa RDP Windows 8GB RAM
Harga: 50k / bulan",Crypto Signals,6285,2026-02-16T01:38:41.757112
Sewa RDP Windows 8GB RAM,8,Unknown,Available,"Sewa RDP Windows 8GB RAM
Harga: 50k / bulan",Marketplace 1,9374,2026-02-16T01:38:44.888838
Sewa RDP Windows 8GB RAM,8,Unknown,Available,"Sewa RDP Windows 8GB RAM
Harga: 50k / bulan",Marketplace 1,4911,2026-02-16T01:38:49.127044
WTS iPhone 14 Pro Max 256GB,14,Unknown,Available,"WTS iPhone 14 Pro Max 256GB
Price: 00
Condition: Mint
DM me",Job Board,1480,2026-02-16T01:38:52.481252
Sewa RDP Windows 8GB RAM,8,Unknown,Available,"Sewa RDP Windows 8GB RAM
Harga: 50k / bulan",Marketplace 1,5041,2026-02-16T01:38:54.886440
Sewa RDP Windows 8GB RAM,8,Unknown,Available,"Sewa RDP Windows 8GB RAM
Harga: 50k / bulan",Crypto Signals,7850,2026-02-16T01:38:59.201539
Jual Akun Google Cloud,Rp 150.000,IDR,Available,"Jual Akun Google Cloud
Rp 150.000 via Dana/OVO",Crypto Signals,6017,2026-02-16T01:39:01.487907
Looking for Python dev,: 00,Unknown,Available,"Looking for Python dev
Budget: 00
Contact: @user123",Marketplace 1,6769,2026-02-16T01:39:05.591139
Looking for Python dev,: 00,Unknown,Available,"Looking for Python dev
Budget: 00
Contact: @user123",Crypto Signals,2550,2026-02-16T01:39:09.466825
Sewa RDP Windows 8GB RAM,8,Unknown,Available,"Sewa RDP Windows 8GB RAM
Harga: 50k / bulan",Crypto Signals,8351,2026-02-16T01:39:11.646073
WTS iPhone 14 Pro Max 256GB,14,Unknown,Available,"WTS iPhone 14 Pro Max 256GB
Price: 00
Condition: Mint
DM me",Marketplace 1,2705,2026-02-16T01:39:15.644077
WTS iPhone 14 Pro Max 256GB,14,Unknown,Available,"WTS iPhone 14 Pro Max 256GB
Price: 00
Condition: Mint
DM me",Crypto Signals,2004,2026-02-16T01:39:18.593736
Looking for Python dev,: 00,Unknown,Available,"Looking for Python dev
Budget: 00
Contact: @user123",Marketplace 1,1220,2026-02-16T01:39:23.595813
Jual Akun Google Cloud,Rp 150.000,IDR,Available,"Jual Akun Google Cloud
Rp 150.000 via Dana/OVO",Marketplace 1,7646,2026-02-16T10:57:27.753991
[SOLD] MacBook Air M2,2,Unknown,Sold,"[SOLD] MacBook Air M2
50",Marketplace 1,8441,2026-02-16T10:57:30.501464
Sewa RDP Windows 8GB RAM,8,Unknown,Available,"Sewa RDP Windows 8GB RAM
Harga: 50k / bulan",Job Board,2052,2026-02-16T10:57:34.514835
Sewa RDP Windows 8GB RAM,8,Unknown,Available,"Sewa RDP Windows 8GB RAM
Harga: 50k / bulan",Job Board,9251,2026-02-16T10:57:39.301273
WTS iPhone 14 Pro Max 256GB,14,Unknown,Available,"WTS iPhone 14 Pro Max 256GB
Price: 00
Condition: Mint
DM me",Crypto Signals,4348,2026-02-16T10:57:42.865072
Selling 100 USDT for PayPal F&F,100 USD,USD,Available,"Selling 100 USDT for PayPal F&F
Rate 1:1",Job Board,2626,2026-02-16T10:57:45.676540
Selling 100 USDT for PayPal F&F,100 USD,USD,Available,"Selling 100 USDT for PayPal F&F
Rate 1:1",Marketplace 1,5561,2026-02-16T10:57:49.982643
Sewa RDP Windows 8GB RAM,8,Unknown,Available,"Sewa RDP Windows 8GB RAM
Harga: 50k / bulan",Job Board,1711,2026-02-16T10:57:53.248606
Selling 100 USDT for PayPal F&F,100 USD,USD,Available,"Selling 100 USDT for PayPal F&F
Rate 1:1",Crypto Signals,9872,2026-02-16T10:57:56.832114
[SOLD] MacBook Air M2,2,Unknown,Sold,"[SOLD] MacBook Air M2
50",Job Board,3511,2026-02-16T10:58:00.880629
Sewa RDP Windows 8GB RAM,8,Unknown,Available,"Sewa RDP Windows 8GB RAM
Harga: 50k / bulan",Crypto Signals,7576,2026-02-16T10:58:04.518157
[SOLD] MacBook Air M2,2,Unknown,Sold,"[SOLD] MacBook Air M2
50",Job Board,9506,2026-02-16T10:58:07.379181
WTS iPhone 14 Pro Max 256GB,14,Unknown,Available,"WTS iPhone 14 Pro Max 256GB
Price: 00
Condition: Mint
DM me",Job Board,5553,2026-02-16T10:58:11.004236
[SOLD] MacBook Air M2,2,Unknown,Sold,"[SOLD] MacBook Air M2
50",Marketplace 1,4034,2026-02-16T10:58:13.233062
WTS iPhone 14 Pro Max 256GB,14,Unknown,Available,"WTS iPhone 14 Pro Max 256GB
Price: 00
Condition: Mint
DM me",Marketplace 1,8653,2026-02-16T10:58:15.816053
[SOLD] MacBook Air M2,2,Unknown,Sold,"[SOLD] MacBook Air M2
50",Job Board,6432,2026-02-16T10:58:17.880920
Selling 100 USDT for PayPal F&F,100 USD,USD,Available,"Selling 100 USDT for PayPal F&F
Rate 1:1",Marketplace 1,5388,2026-02-16T10:58:22.107807
Jual Akun Google Cloud,Rp 150.000,IDR,Available,"Jual Akun Google Cloud
Rp 150.000 via Dana/OVO",Job Board,4634,2026-02-16T10:58:24.791080
WTS iPhone 14 Pro Max 256GB,14,Unknown,Available,"WTS iPhone 14 Pro Max 256GB
Price: 00
Condition: Mint
DM me",Crypto Signals,3498,2026-02-16T10:58:29.576366
Looking for Python dev,: 00,Unknown,Available,"Looking for Python dev
Budget: 00
Contact: @user123",Job Board,3978,2026-02-16T10:58:32.376188
Looking for Python dev,: 00,Unknown,Available,"Looking for Python dev
Budget: 00
Contact: @user123",Marketplace 1,1241,2026-02-16T10:58:35.617012
Jual Akun Google Cloud,Rp 150.000,IDR,Available,"Jual Akun Google Cloud
Rp 150.000 via Dana/OVO",Marketplace 1,9248,2026-02-16T10:58:40.279236
WTS iPhone 14 Pro Max 256GB,14,Unknown,Available,"WTS iPhone 14 Pro Max 256GB
Price: 00
Condition: Mint
DM me",Marketplace 1,1816,2026-02-16T10:58:43.745576
Selling 100 USDT for PayPal F&F,100 USD,USD,Available,"Selling 100 USDT for PayPal F&F
Rate 1:1",Marketplace 1,3826,2026-02-16T10:58:45.826521
Selling 100 USDT for PayPal F&F,100 USD,USD,Available,"Selling 100 USDT for PayPal F&F
Rate 1:1",Job Board,8907,2026-02-16T10:58:49.117900
WTS iPhone 14 Pro Max 256GB,14,Unknown,Available,"WTS iPhone 14 Pro Max 256GB
Price: 00
Condition: Mint
DM me",Job Board,8037,2026-02-16T10:58:53.440266
Sewa RDP Windows 8GB RAM,8,Unknown,Available,"Sewa RDP Windows 8GB RAM
Harga: 50k / bulan",Crypto Signals,9311,2026-02-16T10:58:56.574563
[SOLD] MacBook Air M2,2,Unknown,Sold,"[SOLD] MacBook Air M2
50",Crypto Signals,5287,2026-02-16T10:59:01.241135
Selling 100 USDT for PayPal F&F,100 USD,USD,Available,"Selling 100 USDT for PayPal F&F
Rate 1:1",Marketplace 1,8346,2026-02-16T10:59:05.404329
Looking for Python dev,: 00,Unknown,Available,"Looking for Python dev
Budget: 00
Contact: @user123",Crypto Signals,8598,2026-02-16T10:59:09.398367
Sewa RDP Windows 8GB RAM,8,Unknown,Available,"Sewa RDP Windows 8GB RAM
Harga: 50k / bulan",Marketplace 1,2821,2026-02-16T10:59:11.958914
WTS iPhone 14 Pro Max 256GB,14,Unknown,Available,"WTS iPhone 14 Pro Max 256GB
Price: 00
Condition: Mint
DM me",Marketplace 1,7287,2026-02-16T10:59:14.939759
Sewa RDP Windows 8GB RAM,8,Unknown,Available,"Sewa RDP Windows 8GB RAM
Harga: 50k / bulan",Crypto Signals,8642,2026-02-16T10:59:19.940658
WTS iPhone 14 Pro Max 256GB,14,Unknown,Available,"WTS iPhone 14 Pro Max 256GB
Price: 00
Condition: Mint
DM me",Crypto Signals,5370,2026-02-16T10:59:23.168831
Selling 100 USDT for PayPal F&F,100 USD,USD,Available,"Selling 100 USDT for PayPal F&F
Rate 1:1",Crypto Signals,7477,2026-02-16T10:59:25.378837
Looking for Python dev,: 00,Unknown,Available,"Looking for Python dev
Budget: 00
Contact: @user123",Job Board,4248,2026-02-16T10:59:27.988167
Selling 100 USDT for PayPal F&F,100 USD,USD,Available,"Selling 100 USDT for PayPal F&F
Rate 1:1",Crypto Signals,9832,2026-02-16T10:59:31.596505
Sewa RDP Windows 8GB RAM,8,Unknown,Available,"Sewa RDP Windows 8GB RAM
Harga: 50k / bulan",Crypto Signals,1940,2026-02-16T10:59:34.060090
Selling 100 USDT for PayPal F&F,100 USD,USD,Available,"Selling 100 USDT for PayPal F&F
Rate 1:1",Crypto Signals,3051,2026-02-16T10:59:36.755864
Jual Akun Google Cloud,Rp 150.000,IDR,Available,"Jual Akun Google Cloud
Rp 150.000 via Dana/OVO",Job Board,9790,2026-02-16T10:59:38.907114
Looking for Python dev,: 00,Unknown,Available,"Looking for Python dev
Budget: 00
Contact: @user123",Job Board,3998,2026-02-16T10:59:43.230202
WTS iPhone 14 Pro Max 256GB,14,Unknown,Available,"WTS iPhone 14 Pro Max 256GB
Price: 00
Condition: Mint
DM me",Crypto Signals,4087,2026-02-16T10:59:47.298378
[SOLD] MacBook Air M2,2,Unknown,Sold,"[SOLD] MacBook Air M2
50",Crypto Signals,9090,2026-02-16T10:59:50.435520
Selling 100 USDT for PayPal F&F,100 USD,USD,Available,"Selling 100 USDT for PayPal F&F
Rate 1:1",Job Board,2269,2026-02-16T10:59:53.123121
WTS iPhone 14 Pro Max 256GB,14,Unknown,Available,"WTS iPhone 14 Pro Max 256GB
Price: 00
Condition: Mint
DM me",Job Board,3597,2026-02-16T10:59:55.979977
Looking for Python dev,: 00,Unknown,Available,"Looking for Python dev
Budget: 00
Contact: @user123",Job Board,9918,2026-02-16T11:00:00.408045
[SOLD] MacBook Air M2,2,Unknown,Sold,"[SOLD] MacBook Air M2
50",Crypto Signals,8554,2026-02-16T11:00:03.594918
[SOLD] MacBook Air M2,2,Unknown,Sold,"[SOLD] MacBook Air M2
50",Job Board,5872,2026-02-16T11:00:06.359371
WTS iPhone 14 Pro Max 256GB,14,Unknown,Available,"WTS iPhone 14 Pro Max 256GB
Price: 00
Condition: Mint
DM me",Crypto Signals,2127,2026-02-16T11:00:09.758443
Selling 100 USDT for PayPal F&F,100 USD,USD,Available,"Selling 100 USDT for PayPal F&F
Rate 1:1",Marketplace 1,3438,2026-02-16T11:00:11.980458
Selling 100 USDT for PayPal F&F,100 USD,USD,Available,"Selling 100 USDT for PayPal F&F
Rate 1:1",Marketplace 1,4735,2026-02-16T11:00:15.400447
Selling 100 USDT for PayPal F&F,100 USD,USD,Available,"Selling 100 USDT for PayPal F&F
Rate 1:1",Marketplace 1,9147,2026-02-16T11:00:17.643255
Sewa RDP Windows 8GB RAM,8,Unknown,Available,"Sewa RDP Windows 8GB RAM
Harga: 50k / bulan",Marketplace 1,6394,2026-02-16T11:00:21.556857
WTS iPhone 14 Pro Max 256GB,14,Unknown,Available,"WTS iPhone 14 Pro Max 256GB
Price: 00
Condition: Mint
DM me",Job Board,5168,2026-02-16T11:00:25.629493
Looking for Python dev,: 00,Unknown,Available,"Looking for Python dev
Budget: 00
Contact: @user123",Crypto Signals,6888,2026-02-16T11:00:28.433222
Jual Akun Google Cloud,Rp 150.000,IDR,Available,"Jual Akun Google Cloud
Rp 150.000 via Dana/OVO",Job Board,5191,2026-02-16T11:00:32.062954
[SOLD] MacBook Air M2,2,Unknown,Sold,"[SOLD] MacBook Air M2
50",Marketplace 1,4275,2026-02-16T11:00:36.554650
WTS iPhone 14 Pro Max 256GB,14,Unknown,Available,"WTS iPhone 14 Pro Max 256GB
Price: 00
Condition: Mint
DM me",Crypto Signals,8475,2026-02-16T11:00:38.754623
Looking for Python dev,: 00,Unknown,Available,"Looking for Python dev
Budget: 00
Contact: @user123",Marketplace 1,9947,2026-02-16T11:00:41.459171
WTS iPhone 14 Pro Max 256GB,14,Unknown,Available,"WTS iPhone 14 Pro Max 256GB
Price: 00
Condition: Mint
DM me",Job Board,2540,2026-02-16T11:00:44.826485
Sewa RDP Windows 8GB RAM,8,Unknown,Available,"Sewa RDP Windows 8GB RAM
Harga: 50k / bulan",Marketplace 1,4041,2026-02-16T11:00:46.910046
Jual Akun Google Cloud,Rp 150.000,IDR,Available,"Jual Akun Google Cloud
Rp 150.000 via Dana/OVO",Crypto Signals,6130,2026-02-16T11:00:51.092227
[SOLD] MacBook Air M2,2,Unknown,Sold,"[SOLD] MacBook Air M2
50",Crypto Signals,6053,2026-02-16T11:00:54.796951
Jual Akun Google Cloud,Rp 150.000,IDR,Available,"Jual Akun Google Cloud
Rp 150.000 via Dana/OVO",Crypto Signals,7916,2026-02-16T11:00:58.664082
[SOLD] MacBook Air M2,2,Unknown,Sold,"[SOLD] MacBook Air M2
50",Job Board,6807,2026-02-16T11:01:03.568188
[SOLD] MacBook Air M2,2,Unknown,Sold,"[SOLD] MacBook Air M2
50",Marketplace 1,6155,2026-02-16T11:01:06.150198
Selling 100 USDT for PayPal F&F,100 USD,USD,Available,"Selling 100 USDT for PayPal F&F
Rate 1:1",Marketplace 1,9250,2026-02-16T11:01:08.308986
Sewa RDP Windows 8GB RAM,8,Unknown,Available,"Sewa RDP Windows 8GB RAM
Harga: 50k / bulan",Job Board,2425,2026-02-16T11:01:11.117458
[SOLD] MacBook Air M2,2,Unknown,Sold,"[SOLD] MacBook Air M2
50",Marketplace 1,4603,2026-02-16T11:01:15.550026
Sewa RDP Windows 8GB RAM,8,Unknown,Available,"Sewa RDP Windows 8GB RAM
Harga: 50k / bulan",Marketplace 1,7070,2026-02-16T11:01:19.881376
Selling 100 USDT for PayPal F&F,100 USD,USD,Available,"Selling 100 USDT for PayPal F&F
Rate 1:1",Marketplace 1,5059,2026-02-16T11:01:22.822411
Looking for Python dev,: 00,Unknown,Available,"Looking for Python dev
Budget: 00
Contact: @user123",Job Board,4015,2026-02-16T11:01:26.236135
Jual Akun Google Cloud,Rp 150.000,IDR,Available,"Jual Akun Google Cloud
Rp 150.000 via Dana/OVO",Job Board,5674,2026-02-16T11:01:29.241997
Looking for Python dev,: 00,Unknown,Available,"Looking for Python dev
Budget: 00
Contact: @user123",Job Board,2019,2026-02-16T11:01:32.625541
Jual Akun Google Cloud,Rp 150.000,IDR,Available,"Jual Akun Google Cloud
Rp 150.000 via Dana/OVO",Marketplace 1,3930,2026-02-16T11:01:36.296980
Selling 100 USDT for PayPal F&F,100 USD,USD,Available,"Selling 100 USDT for PayPal F&F
Rate 1:1",Job Board,7385,2026-02-16T11:01:39.971354
Sewa RDP Windows 8GB RAM,8,Unknown,Available,"Sewa RDP Windows 8GB RAM
Harga: 50k / bulan",Job Board,5393,2026-02-16T11:01:42.450535
WTS iPhone 14 Pro Max 256GB,14,Unknown,Available,"WTS iPhone 14 Pro Max 256GB
Price: 00
Condition: Mint
DM me",Marketplace 1,9754,2026-02-16T11:01:45.120165
Jual Akun Google Cloud,Rp 150.000,IDR,Available,"Jual Akun Google Cloud
Rp 150.000 via Dana/OVO",Marketplace 1,7831,2026-02-16T11:01:47.916760
Looking for Python dev,: 00,Unknown,Available,"Looking for Python dev
Budget: 00
Contact: @user123",Job Board,1404,2026-02-16T11:01:51.045406
Looking for Python dev,: 00,Unknown,Available,"Looking for Python dev
Budget: 00
Contact: @user123",Marketplace 1,5702,2026-02-16T11:01:54.316831
WTS iPhone 14 Pro Max 256GB,14,Unknown,Available,"WTS iPhone 14 Pro Max 256GB
Price: 00
Condition: Mint
DM me",Marketplace 1,4481,2026-02-16T11:01:58.533189
Looking for Python dev,: 00,Unknown,Available,"Looking for Python dev
Budget: 00
Contact: @user123",Job Board,1576,2026-02-16T11:02:01.354049
Jual Akun Google Cloud,Rp 150.000,IDR,Available,"Jual Akun Google Cloud
Rp 150.000 via Dana/OVO",Job Board,2390,2026-02-16T11:02:05.900310
Jual Akun Google Cloud,Rp 150.000,IDR,Available,"Jual Akun Google Cloud
Rp 150.000 via Dana/OVO",Job Board,4028,2026-02-16T11:02:10.414884
Sewa RDP Windows 8GB RAM,8,Unknown,Available,"Sewa RDP Windows 8GB RAM
Harga: 50k / bulan",Job Board,7450,2026-02-16T11:02:14.694560
Selling 100 USDT for PayPal F&F,100 USD,USD,Available,"Selling 100 USDT for PayPal F&F
Rate 1:1",Job Board,2831,2026-02-16T11:02:17.720224
Sewa RDP Windows 8GB RAM,8,Unknown,Available,"Sewa RDP Windows 8GB RAM
Harga: 50k / bulan",Marketplace 1,6800,2026-02-16T11:02:20.045851
Jual Akun Google Cloud,Rp 150.000,IDR,Available,"Jual Akun Google Cloud
Rp 150.000 via Dana/OVO",Marketplace 1,9361,2026-02-16T11:02:24.283816
Jual Akun Google Cloud,Rp 150.000,IDR,Available,"Jual Akun Google Cloud
Rp 150.000 via Dana/OVO",Job Board,3536,2026-02-16T11:02:29.144821
Looking for Python dev,: 00,Unknown,Available,"Looking for Python dev
Budget: 00
Contact: @user123",Crypto Signals,7080,2026-02-16T11:02:33.042838
Jual Akun Google Cloud,Rp 150.000,IDR,Available,"Jual Akun Google Cloud
Rp 150.000 via Dana/OVO",Crypto Signals,4475,2026-02-16T11:02:35.348399
[SOLD] MacBook Air M2,2,Unknown,Sold,"[SOLD] MacBook Air M2
50",Crypto Signals,6455,2026-02-16T11:02:38.458402
Sewa RDP Windows 8GB RAM,8,Unknown,Available,"Sewa RDP Windows 8GB RAM
Harga: 50k / bulan",Marketplace 1,8853,2026-02-16T11:02:41.249812
Jual Akun Google Cloud,Rp 150.000,IDR,Available,"Jual Akun Google Cloud
Rp 150.000 via Dana/OVO",Crypto Signals,4418,2026-02-16T11:02:44.466230
Jual Akun Google Cloud,Rp 150.000,IDR,Available,"Jual Akun Google Cloud
Rp 150.000 via Dana/OVO",Crypto Signals,4757,2026-02-16T11:02:48.415390
Selling 100 USDT for PayPal F&F,100 USD,USD,Available,"Selling 100 USDT for PayPal F&F
Rate 1:1",Job Board,7527,2026-02-16T11:02:51.631371
Jual Akun Google Cloud,Rp 150.000,IDR,Available,"Jual Akun Google Cloud
Rp 150.000 via Dana/OVO",Crypto Signals,8564,2026-02-16T11:02:56.431945
Looking for Python dev,: 00,Unknown,Available,"Looking for Python dev
Budget: 00
Contact: @user123",Marketplace 1,9538,2026-02-16T11:02:59.432880
WTS iPhone 14 Pro Max 256GB,14,Unknown,Available,"WTS iPhone 14 Pro Max 256GB
Price: 00
Condition: Mint
DM me",Crypto Signals,9504,2026-02-16T11:03:02.953020
WTS iPhone 14 Pro Max 256GB,14,Unknown,Available,"WTS iPhone 14 Pro Max 256GB
Price: 00
Condition: Mint
DM me",Marketplace 1,6677,2026-02-16T11:03:07.098752
[SOLD] MacBook Air M2,2,Unknown,Sold,"[SOLD] MacBook Air M2
50",Job Board,2243,2026-02-16T11:03:11.037447
Jual Akun Google Cloud,Rp 150.000,IDR,Available,"Jual Akun Google Cloud
Rp 150.000 via Dana/OVO",Crypto Signals,7706,2026-02-16T11:03:13.300416
Sewa RDP Windows 8GB RAM,8,Unknown,Available,"Sewa RDP Windows 8GB RAM
Harga: 50k / bulan",Crypto Signals,5424,2026-02-16T11:03:17.302971
[SOLD] MacBook Air M2,2,Unknown,Sold,"[SOLD] MacBook Air M2
50",Marketplace 1,4534,2026-02-16T11:03:20.995659
WTS iPhone 14 Pro Max 256GB,14,Unknown,Available,"WTS iPhone 14 Pro Max 256GB
Price: 00
Condition: Mint
DM me",Marketplace 1,9196,2026-02-16T11:03:25.731230
Jual Akun Google Cloud,Rp 150.000,IDR,Available,"Jual Akun Google Cloud
Rp 150.000 via Dana/OVO",Marketplace 1,7733,2026-02-16T11:03:27.829571
Selling 100 USDT for PayPal F&F,100 USD,USD,Available,"Selling 100 USDT for PayPal F&F
Rate 1:1",Crypto Signals,3729,2026-02-16T11:03:30.091389
WTS iPhone 14 Pro Max 256GB,14,Unknown,Available,"WTS iPhone 14 Pro Max 256GB
Price: 00
Condition: Mint
DM me",Crypto Signals,8695,2026-02-16T11:03:32.536376
[SOLD] MacBook Air M2,2,Unknown,Sold,"[SOLD] MacBook Air M2
50",Marketplace 1,2576,2026-02-16T11:03:35.799311
WTS iPhone 14 Pro Max 256GB,14,Unknown,Available,"WTS iPhone 14 Pro Max 256GB
Price: 00
Condition: Mint
DM me",Job Board,7757,2026-02-16T11:03:40.117327
WTS iPhone 14 Pro Max 256GB,14,Unknown,Available,"WTS iPhone 14 Pro Max 256GB
Price: 00
Condition: Mint
DM me",Crypto Signals,3188,2026-02-16T11:03:43.132006
Selling 100 USDT for PayPal F&F,100 USD,USD,Available,"Selling 100 USDT for PayPal F&F
Rate 1:1",Job Board,2169,2026-02-16T11:03:46.932450
Selling 100 USDT for PayPal F&F,100 USD,USD,Available,"Selling 100 USDT for PayPal F&F
Rate 1:1",Marketplace 1,1513,2026-02-16T11:03:51.378383
Selling 100 USDT for PayPal F&F,100 USD,USD,Available,"Selling 100 USDT for PayPal F&F
Rate 1:1",Marketplace 1,2238,2026-02-16T11:03:54.500271
[SOLD] MacBook Air M2,2,Unknown,Sold,"[SOLD] MacBook Air M2
50",Marketplace 1,2719,2026-02-16T11:03:58.317660
Sewa RDP Windows 8GB RAM,8,Unknown,Available,"Sewa RDP Windows 8GB RAM
Harga: 50k / bulan",Marketplace 1,3956,2026-02-16T11:04:01.852412
Looking for Python dev,: 00,Unknown,Available,"Looking for Python dev
Budget: 00
Contact: @user123",Crypto Signals,5927,2026-02-16T11:04:04.120488
WTS iPhone 14 Pro Max 256GB,14,Unknown,Available,"WTS iPhone 14 Pro Max 256GB
Price: 00
Condition: Mint
DM me",Job Board,5846,2026-02-16T11:04:07.784859
Jual Akun Google Cloud,Rp 150.000,IDR,Available,"Jual Akun Google Cloud
Rp 150.000 via Dana/OVO",Job Board,9264,2026-02-16T11:04:11.029038
Sewa RDP Windows 8GB RAM,8,Unknown,Available,"Sewa RDP Windows 8GB RAM
Harga: 50k / bulan",Marketplace 1,4634,2026-02-16T11:04:14.897268
Looking for Python dev,: 00,Unknown,Available,"Looking for Python dev
Budget: 00
Contact: @user123",Crypto Signals,5554,2026-02-16T11:04:18.209029
Looking for Python dev,: 00,Unknown,Available,"Looking for Python dev
Budget: 00
Contact: @user123",Marketplace 1,5786,2026-02-16T11:04:20.803169
WTS iPhone 14 Pro Max 256GB,14,Unknown,Available,"WTS iPhone 14 Pro Max 256GB
Price: 00
Condition: Mint
DM me",Crypto Signals,4303,2026-02-16T11:04:23.788355
WTS iPhone 14 Pro Max 256GB,14,Unknown,Available,"WTS iPhone 14 Pro Max 256GB
Price: 00
Condition: Mint
DM me",Crypto Signals,3546,2026-02-16T11:04:28.317269
Looking for Python dev,: 00,Unknown,Available,"Looking for Python dev
Budget: 00
Contact: @user123",Marketplace 1,9618,2026-02-16T11:04:31.733483
WTS iPhone 14 Pro Max 256GB,14,Unknown,Available,"WTS iPhone 14 Pro Max 256GB
Price: 00
Condition: Mint
DM me",Marketplace 1,5521,2026-02-16T11:04:33.912318
Jual Akun Google Cloud,Rp 150.000,IDR,Available,"Jual Akun Google Cloud
Rp 150.000 via Dana/OVO",Crypto Signals,9200,2026-02-16T11:04:36.771951
Selling 100 USDT for PayPal F&F,100 USD,USD,Available,"Selling 100 USDT for PayPal F&F
Rate 1:1",Marketplace 1,8033,2026-02-16T11:04:41.530236
Selling 100 USDT for PayPal F&F,100 USD,USD,Available,"Selling 100 USDT for PayPal F&F
Rate 1:1",Marketplace 1,2113,2026-02-16T11:04:46.402872
Selling 100 USDT for PayPal F&F,100 USD,USD,Available,"Selling 100 USDT for PayPal F&F
Rate 1:1",Marketplace 1,2706,2026-02-16T11:04:49.068204
[SOLD] MacBook Air M2,2,Unknown,Sold,"[SOLD] MacBook Air M2
50",Marketplace 1,2755,2026-02-16T11:04:51.079920
Looking for Python dev,: 00,Unknown,Available,"Looking for Python dev
Budget: 00
Contact: @user123",Crypto Signals,5823,2026-02-16T11:04:55.325601
Looking for Python dev,: 00,Unknown,Available,"Looking for Python dev
Budget: 00
Contact: @user123",Crypto Signals,5230,2026-02-16T11:04:58.684619
Jual Akun Google Cloud,Rp 150.000,IDR,Available,"Jual Akun Google Cloud
Rp 150.000 via Dana/OVO",Crypto Signals,8838,2026-02-16T11:05:02.400965
[SOLD] MacBook Air M2,2,Unknown,Sold,"[SOLD] MacBook Air M2
50",Job Board,5206,2026-02-16T11:05:07.128157
Looking for Python dev,: 00,Unknown,Available,"Looking for Python dev
Budget: 00
Contact: @user123",Crypto Signals,2747,2026-02-16T11:05:09.823179
Looking for Python dev,: 00,Unknown,Available,"Looking for Python dev
Budget: 00
Contact: @user123",Job Board,3834,2026-02-16T11:05:12.484382
[SOLD] MacBook Air M2,2,Unknown,Sold,"[SOLD] MacBook Air M2
50",Job Board,5507,2026-02-16T11:05:16.986808
Looking for Python dev,: 00,Unknown,Available,"Looking for Python dev
Budget: 00
Contact: @user123",Job Board,1763,2026-02-16T11:05:20.183652
Selling 100 USDT for PayPal F&F,100 USD,USD,Available,"Selling 100 USDT for PayPal F&F
Rate 1:1",Marketplace 1,9052,2026-02-16T11:05:23.391747
Looking for Python dev,: 00,Unknown,Available,"Looking for Python dev
Budget: 00
Contact: @user123",Marketplace 1,1623,2026-02-16T11:05:26.042961
[SOLD] MacBook Air M2,2,Unknown,Sold,"[SOLD] MacBook Air M2
50",Job Board,8927,2026-02-16T11:05:30.663524
WTS iPhone 14 Pro Max 256GB,14,Unknown,Available,"WTS iPhone 14 Pro Max 256GB
Price: 00
Condition: Mint
DM me",Job Board,8099,2026-02-16T11:05:33.504825
Sewa RDP Windows 8GB RAM,8,Unknown,Available,"Sewa RDP Windows 8GB RAM
Harga: 50k / bulan",Marketplace 1,2656,2026-02-16T11:05:36.097668
Jual Akun Google Cloud,Rp 150.000,IDR,Available,"Jual Akun Google Cloud
Rp 150.000 via Dana/OVO",Job Board,7424,2026-02-16T11:05:38.535421
Selling 100 USDT for PayPal F&F,100 USD,USD,Available,"Selling 100 USDT for PayPal F&F
Rate 1:1",Crypto Signals,7294,2026-02-16T11:05:41.628421
Jual Akun Google Cloud,Rp 150.000,IDR,Available,"Jual Akun Google Cloud
Rp 150.000 via Dana/OVO",Job Board,9672,2026-02-16T11:05:43.791633
Selling 100 USDT for PayPal F&F,100 USD,USD,Available,"Selling 100 USDT for PayPal F&F
Rate 1:1",Marketplace 1,1579,2026-02-16T11:05:47.556365
WTS iPhone 14 Pro Max 256GB,14,Unknown,Available,"WTS iPhone 14 Pro Max 256GB
Price: 00
Condition: Mint
DM me",Crypto Signals,3237,2026-02-16T11:05:52.248002
Selling 100 USDT for PayPal F&F,100 USD,USD,Available,"Selling 100 USDT for PayPal F&F
Rate 1:1",Marketplace 1,6806,2026-02-16T11:05:56.256833
Sewa RDP Windows 8GB RAM,8,Unknown,Available,"Sewa RDP Windows 8GB RAM
Harga: 50k / bulan",Crypto Signals,4388,2026-02-16T11:05:59.520276
Selling 100 USDT for PayPal F&F,100 USD,USD,Available,"Selling 100 USDT for PayPal F&F
Rate 1:1",Job Board,3727,2026-02-16T11:06:03.520530
Jual Akun Google Cloud,Rp 150.000,IDR,Available,"Jual Akun Google Cloud
Rp 150.000 via Dana/OVO",Crypto Signals,5208,2026-02-16T11:06:08.412497
Jual Akun Google Cloud,Rp 150.000,IDR,Available,"Jual Akun Google Cloud
Rp 150.000 via Dana/OVO",Crypto Signals,6258,2026-02-16T11:06:11.301828
Jual Akun Google Cloud,Rp 150.000,IDR,Available,"Jual Akun Google Cloud
Rp 150.000 via Dana/OVO",Crypto Signals,3436,2026-02-16T11:06:14.230529
Selling 100 USDT for PayPal F&F,100 USD,USD,Available,"Selling 100 USDT for PayPal F&F
Rate 1:1",Job Board,9790,2026-02-16T11:06:18.528232
[SOLD] MacBook Air M2,2,Unknown,Sold,"[SOLD] MacBook Air M2
50",Marketplace 1,4767,2026-02-16T11:06:23.358016
Selling 100 USDT for PayPal F&F,100 USD,USD,Available,"Selling 100 USDT for PayPal F&F
Rate 1:1",Marketplace 1,9480,2026-02-16T11:06:25.768165
[SOLD] MacBook Air M2,2,Unknown,Sold,"[SOLD] MacBook Air M2
50",Marketplace 1,2503,2026-02-16T11:06:30.409948
Sewa RDP Windows 8GB RAM,8,Unknown,Available,"Sewa RDP Windows 8GB RAM
Harga: 50k / bulan",Crypto Signals,2495,2026-02-16T11:06:33.597654
Sewa RDP Windows 8GB RAM,8,Unknown,Available,"Sewa RDP Windows 8GB RAM
Harga: 50k / bulan",Marketplace 1,5376,2026-02-16T11:06:37.562606
Sewa RDP Windows 8GB RAM,8,Unknown,Available,"Sewa RDP Windows 8GB RAM
Harga: 50k / bulan",Crypto Signals,6783,2026-02-16T11:06:40.404351
Looking for Python dev,: 00,Unknown,Available,"Looking for Python dev
Budget: 00
Contact: @user123",Crypto Signals,3383,2026-02-16T11:06:43.958614
Jual Akun Google Cloud,Rp 150.000,IDR,Available,"Jual Akun Google Cloud
Rp 150.000 via Dana/OVO",Marketplace 1,5038,2026-02-16T11:06:48.936530
[SOLD] MacBook Air M2,2,Unknown,Sold,"[SOLD] MacBook Air M2
50",Crypto Signals,9869,2026-02-16T11:06:53.152562
Jual Akun Google Cloud,Rp 150.000,IDR,Available,"Jual Akun Google Cloud
Rp 150.000 via Dana/OVO",Job Board,9515,2026-02-16T11:06:56.511488
Sewa RDP Windows 8GB RAM,8,Unknown,Available,"Sewa RDP Windows 8GB RAM
Harga: 50k / bulan",Marketplace 1,5437,2026-02-16T11:07:00.732065
Jual Akun Google Cloud,Rp 150.000,IDR,Available,"Jual Akun Google Cloud
Rp 150.000 via Dana/OVO",Crypto Signals,6756,2026-02-16T11:07:04.790045
Jual Akun Google Cloud,Rp 150.000,IDR,Available,"Jual Akun Google Cloud
Rp 150.000 via Dana/OVO",Crypto Signals,5261,2026-02-16T11:07:08.723269
Selling 100 USDT for PayPal F&F,100 USD,USD,Available,"Selling 100 USDT for PayPal F&F
Rate 1:1",Job Board,3036,2026-02-16T11:07:12.688440
[SOLD] MacBook Air M2,2,Unknown,Sold,"[SOLD] MacBook Air M2
50",Job Board,2039,2026-02-16T11:07:16.252126
Jual Akun Google Cloud,Rp 150.000,IDR,Available,"Jual Akun Google Cloud
Rp 150.000 via Dana/OVO",Job Board,5574,2026-02-16T11:07:20.055978
WTS iPhone 14 Pro Max 256GB,14,Unknown,Available,"WTS iPhone 14 Pro Max 256GB
Price: 00
Condition: Mint
DM me",Marketplace 1,4762,2026-02-16T11:07:23.887929
Jual Akun Google Cloud,Rp 150.000,IDR,Available,"Jual Akun Google Cloud
Rp 150.000 via Dana/OVO",Job Board,3872,2026-02-16T11:07:28.866696
[SOLD] MacBook Air M2,2,Unknown,Sold,"[SOLD] MacBook Air M2
50",Marketplace 1,7068,2026-02-16T11:07:31.867965
Jual Akun Google Cloud,Rp 150.000,IDR,Available,"Jual Akun Google Cloud
Rp 150.000 via Dana/OVO",Crypto Signals,7341,2026-02-16T11:07:34.001818
Sewa RDP Windows 8GB RAM,8,Unknown,Available,"Sewa RDP Windows 8GB RAM
Harga: 50k / bulan",Job Board,1930,2026-02-16T11:07:37.324078
WTS iPhone 14 Pro Max 256GB,14,Unknown,Available,"WTS iPhone 14 Pro Max 256GB
Price: 00
Condition: Mint
DM me",Crypto Signals,4951,2026-02-16T11:07:39.469069
[SOLD] MacBook Air M2,2,Unknown,Sold,"[SOLD] MacBook Air M2
50",Crypto Signals,2696,2026-02-16T11:07:43.621745
Selling 100 USDT for PayPal F&F,100 USD,USD,Available,"Selling 100 USDT for PayPal F&F
Rate 1:1",Crypto Signals,9806,2026-02-16T11:07:46.128154
Sewa RDP Windows 8GB RAM,8,Unknown,Available,"Sewa RDP Windows 8GB RAM
Harga: 50k / bulan",Job Board,1713,2026-02-16T11:07:48.711286
Sewa RDP Windows 8GB RAM,8,Unknown,Available,"Sewa RDP Windows 8GB RAM
Harga: 50k / bulan",Job Board,3070,2026-02-16T11:07:52.647998
Selling 100 USDT for PayPal F&F,100 USD,USD,Available,"Selling 100 USDT for PayPal F&F
Rate 1:1",Crypto Signals,1545,2026-02-16T11:07:56.802008
Selling 100 USDT for PayPal F&F,100 USD,USD,Available,"Selling 100 USDT for PayPal F&F
Rate 1:1",Crypto Signals,9226,2026-02-16T11:07:59.169166
WTS iPhone 14 Pro Max 256GB,14,Unknown,Available,"WTS iPhone 14 Pro Max 256GB
Price: 00
Condition: Mint
DM me",Crypto Signals,6769,2026-02-16T11:08:03.615547
Sewa RDP Windows 8GB RAM,8,Unknown,Available,"Sewa RDP Windows 8GB RAM
Harga: 50k / bulan",Marketplace 1,7488,2026-02-16T11:08:06.280057
WTS iPhone 14 Pro Max 256GB,14,Unknown,Available,"WTS iPhone 14 Pro Max 256GB
Price: 00
Condition: Mint
DM me",Marketplace 1,1211,2026-02-16T11:08:10.626641
Looking for Python dev,: 00,Unknown,Available,"Looking for Python dev
Budget: 00
Contact: @user123",Marketplace 1,4622,2026-02-16T11:08:14.627484
Sewa RDP Windows 8GB RAM,8,Unknown,Available,"Sewa RDP Windows 8GB RAM
Harga: 50k / bulan",Crypto Signals,7432,2026-02-16T11:08:18.844349
Selling 100 USDT for PayPal F&F,100 USD,USD,Available,"Selling 100 USDT for PayPal F&F
Rate 1:1",Crypto Signals,4472,2026-02-16T11:08:21.968033
Looking for Python dev,: 00,Unknown,Available,"Looking for Python dev
Budget: 00
Contact: @user123",Job Board,1351,2026-02-16T11:08:26.620290
Selling 100 USDT for PayPal F&F,100 USD,USD,Available,"Selling 100 USDT for PayPal F&F
Rate 1:1",Marketplace 1,5637,2026-02-16T11:08:30.703971
Sewa RDP Windows 8GB RAM,8,Unknown,Available,"Sewa RDP Windows 8GB RAM
Harga: 50k / bulan",Job Board,7133,2026-02-16T11:08:34.632372
Sewa RDP Windows 8GB RAM,8,Unknown,Available,"Sewa RDP Windows 8GB RAM
Harga: 50k / bulan",Job Board,7452,2026-02-16T11:08:36.753992
Sewa RDP Windows 8GB RAM,8,Unknown,Available,"Sewa RDP Windows 8GB RAM
Harga: 50k / bulan",Marketplace 1,4855,2026-02-16T11:08:41.202156
Looking for Python dev,: 00,Unknown,Available,"Looking for Python dev
Budget: 00
Contact: @user123",Job Board,9735,2026-02-16T11:08:43.363023
Sewa RDP Windows 8GB RAM,8,Unknown,Available,"Sewa RDP Windows 8GB RAM
Harga: 50k / bulan",Marketplace 1,5046,2026-02-16T11:08:45.937782
Sewa RDP Windows 8GB RAM,8,Unknown,Available,"Sewa RDP Windows 8GB RAM
Harga: 50k / bulan",Crypto Signals,7775,2026-02-16T11:08:49.574256
[SOLD] MacBook Air M2,2,Unknown,Sold,"[SOLD] MacBook Air M2
50",Marketplace 1,1838,2026-02-16T11:08:53.573204
Sewa RDP Windows 8GB RAM,8,Unknown,Available,"Sewa RDP Windows 8GB RAM
Harga: 50k / bulan",Crypto Signals,3728,2026-02-16T11:08:55.875067
Selling 100 USDT for PayPal F&F,100 USD,USD,Available,"Selling 100 USDT for PayPal F&F
Rate 1:1",Crypto Signals,8511,2026-02-16T11:08:58.294955
WTS iPhone 14 Pro Max 256GB,14,Unknown,Available,"WTS iPhone 14 Pro Max 256GB
Price: 00
Condition: Mint
DM me",Job Board,9564,2026-02-16T11:09:03.183143
Sewa RDP Windows 8GB RAM,8,Unknown,Available,"Sewa RDP Windows 8GB RAM
Harga: 50k / bulan",Marketplace 1,7873,2026-02-16T11:09:05.358076
Sewa RDP Windows 8GB RAM,8,Unknown,Available,"Sewa RDP Windows 8GB RAM
Harga: 50k / bulan",Job Board,1417,2026-02-16T11:09:09.113574
[SOLD] MacBook Air M2,2,Unknown,Sold,"[SOLD] MacBook Air M2
50",Job Board,1496,2026-02-16T11:09:11.760401
WTS iPhone 14 Pro Max 256GB,14,Unknown,Available,"WTS iPhone 14 Pro Max 256GB
Price: 00
Condition: Mint
DM me",Marketplace 1,6642,2026-02-16T11:09:16.592090
Selling 100 USDT for PayPal F&F,100 USD,USD,Available,"Selling 100 USDT for PayPal F&F
Rate 1:1",Marketplace 1,9729,2026-02-16T11:09:21.152144
[SOLD] MacBook Air M2,2,Unknown,Sold,"[SOLD] MacBook Air M2
50",Marketplace 1,4493,2026-02-16T11:09:26.092863
Selling 100 USDT for PayPal F&F,100 USD,USD,Available,"Selling 100 USDT for PayPal F&F
Rate 1:1",Marketplace 1,1711,2026-02-16T11:09:28.704908
WTS iPhone 14 Pro Max 256GB,14,Unknown,Available,"WTS iPhone 14 Pro Max 256GB
Price: 00
Condition: Mint
DM me",Crypto Signals,5529,2026-02-16T11:09:32.762461
WTS iPhone 14 Pro Max 256GB,14,Unknown,Available,"WTS iPhone 14 Pro Max 256GB
Price: 00
Condition: Mint
DM me",Marketplace 1,6598,2026-02-16T11:09:37.323336
Jual Akun Google Cloud,Rp 150.000,IDR,Available,"Jual Akun Google Cloud
Rp 150.000 via Dana/OVO",Crypto Signals,1434,2026-02-16T11:09:39.705294
Jual Akun Google Cloud,Rp 150.000,IDR,Available,"Jual Akun Google Cloud
Rp 150.000 via Dana/OVO",Job Board,5223,2026-02-16T13:01:51.114052
Jual Akun Google Cloud,Rp 150.000,IDR,Available,"Jual Akun Google Cloud
Rp 150.000 via Dana/OVO",Marketplace 1,4998,2026-02-16T13:01:55.960381
WTS iPhone 14 Pro Max 256GB,14,Unknown,Available,"WTS iPhone 14 Pro Max 256GB
Price: 00
Condition: Mint
DM me",Crypto Signals,1574,2026-02-16T13:01:59.135723
Selling 100 USDT for PayPal F&F,100 USD,USD,Available,"Selling 100 USDT for PayPal F&F
Rate 1:1",Job Board,7186,2026-02-16T13:02:04.376064
Sewa RDP Windows 8GB RAM,8,Unknown,Available,"Sewa RDP Windows 8GB RAM
Harga: 50k / bulan",Job Board,7316,2026-02-16T13:02:08.134837
WTS iPhone 14 Pro Max 256GB,14,Unknown,Available,"WTS iPhone 14 Pro Max 256GB
Price: 00
Condition: Mint
DM me",Job Board,1345,2026-02-16T13:02:12.946987
Selling 100 USDT for PayPal F&F,100 USD,USD,Available,"Selling 100 USDT for PayPal F&F
Rate 1:1",Job Board,1741,2026-02-16T13:02:14.969978
Sewa RDP Windows 8GB RAM,8,Unknown,Available,"Sewa RDP Windows 8GB RAM
Harga: 50k / bulan",Marketplace 1,5916,2026-02-16T13:02:19.664324
Sewa RDP Windows 8GB RAM,8,Unknown,Available,"Sewa RDP Windows 8GB RAM
Harga: 50k / bulan",Crypto Signals,7626,2026-02-16T13:02:21.884754
Selling 100 USDT for PayPal F&F,100 USD,USD,Available,"Selling 100 USDT for PayPal F&F
Rate 1:1",Marketplace 1,8718,2026-02-16T13:02:23.986988
Jual Akun Google Cloud,Rp 150.000,IDR,Available,"Jual Akun Google Cloud
Rp 150.000 via Dana/OVO",Crypto Signals,1860,2026-02-16T13:02:27.871706
Jual Akun Google Cloud,Rp 150.000,IDR,Available,"Jual Akun Google Cloud
Rp 150.000 via Dana/OVO",Marketplace 1,6640,2026-02-16T13:02:31.271961
Selling 100 USDT for PayPal F&F,100 USD,USD,Available,"Selling 100 USDT for PayPal F&F
Rate 1:1",Marketplace 1,6369,2026-02-16T13:02:35.578053
Selling 100 USDT for PayPal F&F,100 USD,USD,Available,"Selling 100 USDT for PayPal F&F
Rate 1:1",Marketplace 1,3007,2026-02-16T13:02:37.927055
Jual Akun Google Cloud,Rp 150.000,IDR,Available,"Jual Akun Google Cloud
Rp 150.000 via Dana/OVO",Marketplace 1,3291,2026-02-16T13:02:40.848272
Selling 100 USDT for PayPal F&F,100 USD,USD,Available,"Selling 100 USDT for PayPal F&F
Rate 1:1",Crypto Signals,1240,2026-02-16T13:02:43.736386
Looking for Python dev,: 00,Unknown,Available,"Looking for Python dev
Budget: 00
Contact: @user123",Marketplace 1,9052,2026-02-16T13:02:48.544277
[SOLD] MacBook Air M2,2,Unknown,Sold,"[SOLD] MacBook Air M2
50",Job Board,9768,2026-02-16T13:02:50.590470
WTS iPhone 14 Pro Max 256GB,14,Unknown,Available,"WTS iPhone 14 Pro Max 256GB
Price: 00
Condition: Mint
DM me",Crypto Signals,2300,2026-02-16T13:02:54.727421
[SOLD] MacBook Air M2,2,Unknown,Sold,"[SOLD] MacBook Air M2
50",Crypto Signals,5927,2026-02-16T13:02:59.307424
Jual Akun Google Cloud,Rp 150.000,IDR,Available,"Jual Akun Google Cloud
Rp 150.000 via Dana/OVO",Job Board,4030,2026-02-16T13:03:03.947460
Sewa RDP Windows 8GB RAM,8,Unknown,Available,"Sewa RDP Windows 8GB RAM
Harga: 50k / bulan",Crypto Signals,8211,2026-02-16T13:03:06.558021
Jual Akun Google Cloud,Rp 150.000,IDR,Available,"Jual Akun Google Cloud
Rp 150.000 via Dana/OVO",Marketplace 1,6971,2026-02-16T13:03:09.462648
Looking for Python dev,: 00,Unknown,Available,"Looking for Python dev
Budget: 00
Contact: @user123",Crypto Signals,6366,2026-02-16T13:03:11.949124
Sewa RDP Windows 8GB RAM,8,Unknown,Available,"Sewa RDP Windows 8GB RAM
Harga: 50k / bulan",Crypto Signals,7418,2026-02-16T13:03:15.008310
WTS iPhone 14 Pro Max 256GB,14,Unknown,Available,"WTS iPhone 14 Pro Max 256GB
Price: 00
Condition: Mint
DM me",Job Board,9638,2026-02-16T13:03:18.424840
Jual Akun Google Cloud,Rp 150.000,IDR,Available,"Jual Akun Google Cloud
Rp 150.000 via Dana/OVO",Marketplace 1,4594,2026-02-16T13:03:20.976909
WTS iPhone 14 Pro Max 256GB,14,Unknown,Available,"WTS iPhone 14 Pro Max 256GB
Price: 00
Condition: Mint
DM me",Marketplace 1,6255,2026-02-16T13:03:25.816908
Sewa RDP Windows 8GB RAM,8,Unknown,Available,"Sewa RDP Windows 8GB RAM
Harga: 50k / bulan",Marketplace 1,7374,2026-02-16T13:03:30.757816
Looking for Python dev,: 00,Unknown,Available,"Looking for Python dev
Budget: 00
Contact: @user123",Marketplace 1,3858,2026-02-16T13:03:33.307336
Looking for Python dev,: 00,Unknown,Available,"Looking for Python dev
Budget: 00
Contact: @user123",Job Board,3831,2026-02-16T13:03:36.363887
[SOLD] MacBook Air M2,2,Unknown,Sold,"[SOLD] MacBook Air M2
50",Marketplace 1,4979,2026-02-16T13:03:41.174488
Selling 100 USDT for PayPal F&F,100 USD,USD,Available,"Selling 100 USDT for PayPal F&F
Rate 1:1",Marketplace 1,5505,2026-02-16T13:03:44.681857
Jual Akun Google Cloud,Rp 150.000,IDR,Available,"Jual Akun Google Cloud
Rp 150.000 via Dana/OVO",Marketplace 1,1064,2026-02-16T13:03:48.414743
[SOLD] MacBook Air M2,2,Unknown,Sold,"[SOLD] MacBook Air M2
50",Marketplace 1,8646,2026-02-16T13:03:53.330930
Selling 100 USDT for PayPal F&F,100 USD,USD,Available,"Selling 100 USDT for PayPal F&F
Rate 1:1",Marketplace 1,8953,2026-02-16T13:03:58.274606
Looking for Python dev,: 00,Unknown,Available,"Looking for Python dev
Budget: 00
Contact: @user123",Marketplace 1,6465,2026-02-16T13:04:01.383688
Sewa RDP Windows 8GB RAM,8,Unknown,Available,"Sewa RDP Windows 8GB RAM
Harga: 50k / bulan",Job Board,2991,2026-02-16T13:04:05.634760
Sewa RDP Windows 8GB RAM,8,Unknown,Available,"Sewa RDP Windows 8GB RAM
Harga: 50k / bulan",Crypto Signals,7335,2026-02-16T13:04:09.581701
Looking for Python dev,: 00,Unknown,Available,"Looking for Python dev
Budget: 00
Contact: @user123",Job Board,8483,2026-02-16T13:04:14.246440
Selling 100 USDT for PayPal F&F,100 USD,USD,Available,"Selling 100 USDT for PayPal F&F
Rate 1:1",Crypto Signals,4731,2026-02-16T13:04:17.902711
Selling 100 USDT for PayPal F&F,100 USD,USD,Available,"Selling 100 USDT for PayPal F&F
Rate 1:1",Marketplace 1,6483,2026-02-16T13:04:21.952634
WTS iPhone 14 Pro Max 256GB,14,Unknown,Available,"WTS iPhone 14 Pro Max 256GB
Price: 00
Condition: Mint
DM me",Marketplace 1,2740,2026-02-16T13:04:25.168090
Looking for Python dev,: 00,Unknown,Available,"Looking for Python dev
Budget: 00
Contact: @user123",Crypto Signals,4685,2026-02-16T13:04:27.978741
Jual Akun Google Cloud,Rp 150.000,IDR,Available,"Jual Akun Google Cloud
Rp 150.000 via Dana/OVO",Marketplace 1,3209,2026-02-16T13:04:30.681100
[SOLD] MacBook Air M2,2,Unknown,Sold,"[SOLD] MacBook Air M2
50",Job Board,7947,2026-02-16T13:04:33.080736
[SOLD] MacBook Air M2,2,Unknown,Sold,"[SOLD] MacBook Air M2
50",Marketplace 1,8781,2026-02-16T13:04:36.249258
Jual Akun Google Cloud,Rp 150.000,IDR,Available,"Jual Akun Google Cloud
Rp 150.000 via Dana/OVO",Crypto Signals,6136,2026-02-16T13:04:40.876899
Looking for Python dev,: 00,Unknown,Available,"Looking for Python dev
Budget: 00
Contact: @user123",Crypto Signals,5157,2026-02-16T13:04:43.524055
Selling 100 USDT for PayPal F&F,100 USD,USD,Available,"Selling 100 USDT for PayPal F&F
Rate 1:1",Marketplace 1,4837,2026-02-16T13:04:45.844392
Jual Akun Google Cloud,Rp 150.000,IDR,Available,"Jual Akun Google Cloud
Rp 150.000 via Dana/OVO",Job Board,8067,2026-02-16T13:04:48.282808
WTS iPhone 14 Pro Max 256GB,14,Unknown,Available,"WTS iPhone 14 Pro Max 256GB
Price: 00
Condition: Mint
DM me",Crypto Signals,8098,2026-02-16T13:04:50.928868
Sewa RDP Windows 8GB RAM,8,Unknown,Available,"Sewa RDP Windows 8GB RAM
Harga: 50k / bulan",Job Board,7864,2026-02-16T13:04:55.606516
Selling 100 USDT for PayPal F&F,100 USD,USD,Available,"Selling 100 USDT for PayPal F&F
Rate 1:1",Marketplace 1,5593,2026-02-16T13:04:57.950338
Selling 100 USDT for PayPal F&F,100 USD,USD,Available,"Selling 100 USDT for PayPal F&F
Rate 1:1",Job Board,2173,2026-02-16T13:05:01.933135
WTS iPhone 14 Pro Max 256GB,14,Unknown,Available,"WTS iPhone 14 Pro Max 256GB
Price: 00
Condition: Mint
DM me",Marketplace 1,1593,2026-02-16T13:05:05.478530
Sewa RDP Windows 8GB RAM,8,Unknown,Available,"Sewa RDP Windows 8GB RAM
Harga: 50k / bulan",Job Board,4338,2026-02-16T13:05:08.312957
Jual Akun Google Cloud,Rp 150.000,IDR,Available,"Jual Akun Google Cloud
Rp 150.000 via Dana/OVO",Marketplace 1,4310,2026-02-16T13:05:10.953961
[SOLD] MacBook Air M2,2,Unknown,Sold,"[SOLD] MacBook Air M2
50",Job Board,8779,2026-02-16T13:05:13.794692
[SOLD] MacBook Air M2,2,Unknown,Sold,"[SOLD] MacBook Air M2
50",Crypto Signals,5210,2026-02-16T13:05:17.959502
WTS iPhone 14 Pro Max 256GB,14,Unknown,Available,"WTS iPhone 14 Pro Max 256GB
Price: 00
Condition: Mint
DM me",Crypto Signals,6805,2026-02-16T13:05:22.560320
Selling 100 USDT for PayPal F&F,100 USD,USD,Available,"Selling 100 USDT for PayPal F&F
Rate 1:1",Crypto Signals,8433,2026-02-16T13:05:25.102021
Selling 100 USDT for PayPal F&F,100 USD,USD,Available,"Selling 100 USDT for PayPal F&F
Rate 1:1",Marketplace 1,8799,2026-02-16T13:05:29.216836
Jual Akun Google Cloud,Rp 150.000,IDR,Available,"Jual Akun Google Cloud
Rp 150.000 via Dana/OVO",Job Board,5207,2026-02-16T13:05:31.335962
Looking for Python dev,: 00,Unknown,Available,"Looking for Python dev
Budget: 00
Contact: @user123",Marketplace 1,7884,2026-02-16T13:05:35.207343
[SOLD] MacBook Air M2,2,Unknown,Sold,"[SOLD] MacBook Air M2
50",Job Board,6034,2026-02-16T13:05:39.426620
WTS iPhone 14 Pro Max 256GB,14,Unknown,Available,"WTS iPhone 14 Pro Max 256GB
Price: 00
Condition: Mint
DM me",Marketplace 1,6320,2026-02-16T13:05:43.643629
[SOLD] MacBook Air M2,2,Unknown,Sold,"[SOLD] MacBook Air M2
50",Marketplace 1,4181,2026-02-16T13:05:45.925972
Sewa RDP Windows 8GB RAM,8,Unknown,Available,"Sewa RDP Windows 8GB RAM
Harga: 50k / bulan",Job Board,3171,2026-02-16T13:05:48.874803
Jual Akun Google Cloud,Rp 150.000,IDR,Available,"Jual Akun Google Cloud
Rp 150.000 via Dana/OVO",Crypto Signals,8670,2026-02-16T13:05:51.613504
[SOLD] MacBook Air M2,2,Unknown,Sold,"[SOLD] MacBook Air M2
50",Job Board,3404,2026-02-16T13:05:53.904843
Sewa RDP Windows 8GB RAM,8,Unknown,Available,"Sewa RDP Windows 8GB RAM
Harga: 50k / bulan",Crypto Signals,2168,2026-02-16T13:05:58.858647
[SOLD] MacBook Air M2,2,Unknown,Sold,"[SOLD] MacBook Air M2
50",Job Board,7661,2026-02-16T13:06:03.387094
[SOLD] MacBook Air M2,2,Unknown,Sold,"[SOLD] MacBook Air M2
50",Job Board,1948,2026-02-16T13:06:06.021413
Jual Akun Google Cloud,Rp 150.000,IDR,Available,"Jual Akun Google Cloud
Rp 150.000 via Dana/OVO",Crypto Signals,1567,2026-02-16T13:06:08.992556
Looking for Python dev,: 00,Unknown,Available,"Looking for Python dev
Budget: 00
Contact: @user123",Job Board,2858,2026-02-16T13:06:13.664264
WTS iPhone 14 Pro Max 256GB,14,Unknown,Available,"WTS iPhone 14 Pro Max 256GB
Price: 00
Condition: Mint
DM me",Job Board,6370,2026-02-16T13:06:15.690060
Sewa RDP Windows 8GB RAM,8,Unknown,Available,"Sewa RDP Windows 8GB RAM
Harga: 50k / bulan",Job Board,7938,2026-02-16T13:06:17.933970
